"22","https://images.eap.bl.uk/EAP105/EAP105_1_1_1/22.jp2/info.json","EAP105_1_1_1/22"
"1640","https://images.eap.bl.uk/EAP105/EAP105_1_1_6/221.jp2/info.json","EAP105_1_1_6/221"
"1778","https://images.eap.bl.uk/EAP105/EAP105_1_1_6/359.jp2/info.json","EAP105_1_1_6/359"
"3869","https://images.eap.bl.uk/EAP105/EAP105_1_1_12/167.jp2/info.json","EAP105_1_1_12/167"
"4643","https://images.eap.bl.uk/EAP105/EAP105_1_1_14/343.jp2/info.json","EAP105_1_1_14/343"
"6161","https://images.eap.bl.uk/EAP105/EAP105_1_1_19/101.jp2/info.json","EAP105_1_1_19/101"
"6535","https://images.eap.bl.uk/EAP105/EAP105_1_1_20/83.jp2/info.json","EAP105_1_1_20/83"
"6718","https://images.eap.bl.uk/EAP105/EAP105_1_1_20/266.jp2/info.json","EAP105_1_1_20/266"
"10417","https://images.eap.bl.uk/EAP105/EAP105_1_1_30/225.jp2/info.json","EAP105_1_1_30/225"
"14253","https://images.eap.bl.uk/EAP105/EAP105_1_1_40/201.jp2/info.json","EAP105_1_1_40/201"
"14351","https://images.eap.bl.uk/EAP105/EAP105_1_1_40/299.jp2/info.json","EAP105_1_1_40/299"
"14353","https://images.eap.bl.uk/EAP105/EAP105_1_1_40/301.jp2/info.json","EAP105_1_1_40/301"
"14354","https://images.eap.bl.uk/EAP105/EAP105_1_1_40/302.jp2/info.json","EAP105_1_1_40/302"
"14903","https://images.eap.bl.uk/EAP105/EAP105_1_1_42/119.jp2/info.json","EAP105_1_1_42/119"
"15972","https://images.eap.bl.uk/EAP105/EAP105_1_1_45/2.jp2/info.json","EAP105_1_1_45/2"
"16377","https://images.eap.bl.uk/EAP105/EAP105_1_1_45/407.jp2/info.json","EAP105_1_1_45/407"
"16385","https://images.eap.bl.uk/EAP105/EAP105_1_1_45/415.jp2/info.json","EAP105_1_1_45/415"
"16407","https://images.eap.bl.uk/EAP105/EAP105_1_1_45/437.jp2/info.json","EAP105_1_1_45/437"
"16408","https://images.eap.bl.uk/EAP105/EAP105_1_1_45/438.jp2/info.json","EAP105_1_1_45/438"
"18515","https://images.eap.bl.uk/EAP105/EAP105_1_2_3/442.jp2/info.json","EAP105_1_2_3/442"
"20841","https://images.eap.bl.uk/EAP105/EAP105_1_2_9/275.jp2/info.json","EAP105_1_2_9/275"
"23240","https://images.eap.bl.uk/EAP105/EAP105_1_2_15/152.jp2/info.json","EAP105_1_2_15/152"
"23835","https://images.eap.bl.uk/EAP105/EAP105_1_2_16/357.jp2/info.json","EAP105_1_2_16/357"
"27191","https://images.eap.bl.uk/EAP105/EAP105_1_3_23/41.jp2/info.json","EAP105_1_3_23/41"
"27192","https://images.eap.bl.uk/EAP105/EAP105_1_3_23/42.jp2/info.json","EAP105_1_3_23/42"
"27193","https://images.eap.bl.uk/EAP105/EAP105_1_3_23/43.jp2/info.json","EAP105_1_3_23/43"
"27194","https://images.eap.bl.uk/EAP105/EAP105_1_3_23/44.jp2/info.json","EAP105_1_3_23/44"
"27195","https://images.eap.bl.uk/EAP105/EAP105_1_3_23/45.jp2/info.json","EAP105_1_3_23/45"
"27196","https://images.eap.bl.uk/EAP105/EAP105_1_3_23/46.jp2/info.json","EAP105_1_3_23/46"
"27197","https://images.eap.bl.uk/EAP105/EAP105_1_3_23/47.jp2/info.json","EAP105_1_3_23/47"
"27198","https://images.eap.bl.uk/EAP105/EAP105_1_3_23/48.jp2/info.json","EAP105_1_3_23/48"
"27199","https://images.eap.bl.uk/EAP105/EAP105_1_3_23/49.jp2/info.json","EAP105_1_3_23/49"
"27200","https://images.eap.bl.uk/EAP105/EAP105_1_3_23/50.jp2/info.json","EAP105_1_3_23/50"
"27201","https://images.eap.bl.uk/EAP105/EAP105_1_3_23/51.jp2/info.json","EAP105_1_3_23/51"
"27202","https://images.eap.bl.uk/EAP105/EAP105_1_3_23/52.jp2/info.json","EAP105_1_3_23/52"
"27203","https://images.eap.bl.uk/EAP105/EAP105_1_3_23/53.jp2/info.json","EAP105_1_3_23/53"
"27204","https://images.eap.bl.uk/EAP105/EAP105_1_3_23/54.jp2/info.json","EAP105_1_3_23/54"
"27205","https://images.eap.bl.uk/EAP105/EAP105_1_3_23/55.jp2/info.json","EAP105_1_3_23/55"
"27206","https://images.eap.bl.uk/EAP105/EAP105_1_3_23/56.jp2/info.json","EAP105_1_3_23/56"
"27207","https://images.eap.bl.uk/EAP105/EAP105_1_3_23/57.jp2/info.json","EAP105_1_3_23/57"
"27208","https://images.eap.bl.uk/EAP105/EAP105_1_3_23/58.jp2/info.json","EAP105_1_3_23/58"
"27209","https://images.eap.bl.uk/EAP105/EAP105_1_3_23/59.jp2/info.json","EAP105_1_3_23/59"
"27210","https://images.eap.bl.uk/EAP105/EAP105_1_3_23/60.jp2/info.json","EAP105_1_3_23/60"
"27211","https://images.eap.bl.uk/EAP105/EAP105_1_3_23/61.jp2/info.json","EAP105_1_3_23/61"
"27212","https://images.eap.bl.uk/EAP105/EAP105_1_3_23/62.jp2/info.json","EAP105_1_3_23/62"
"27213","https://images.eap.bl.uk/EAP105/EAP105_1_3_23/63.jp2/info.json","EAP105_1_3_23/63"
"27214","https://images.eap.bl.uk/EAP105/EAP105_1_3_23/64.jp2/info.json","EAP105_1_3_23/64"
"27215","https://images.eap.bl.uk/EAP105/EAP105_1_3_23/65.jp2/info.json","EAP105_1_3_23/65"
"27216","https://images.eap.bl.uk/EAP105/EAP105_1_3_23/66.jp2/info.json","EAP105_1_3_23/66"
"27217","https://images.eap.bl.uk/EAP105/EAP105_1_3_23/67.jp2/info.json","EAP105_1_3_23/67"
"27218","https://images.eap.bl.uk/EAP105/EAP105_1_3_23/68.jp2/info.json","EAP105_1_3_23/68"
"27219","https://images.eap.bl.uk/EAP105/EAP105_1_3_23/69.jp2/info.json","EAP105_1_3_23/69"
"27220","https://images.eap.bl.uk/EAP105/EAP105_1_3_23/70.jp2/info.json","EAP105_1_3_23/70"
"27221","https://images.eap.bl.uk/EAP105/EAP105_1_3_23/71.jp2/info.json","EAP105_1_3_23/71"
"27667","https://images.eap.bl.uk/EAP105/EAP105_1_3_28/3.jp2/info.json","EAP105_1_3_28/3"
"28748","https://images.eap.bl.uk/EAP105/EAP105_1_3_34/55.jp2/info.json","EAP105_1_3_34/55"
"29971","https://images.eap.bl.uk/EAP105/EAP105_1_3_39/43.jp2/info.json","EAP105_1_3_39/43"
"30714","https://images.eap.bl.uk/EAP105/EAP105_1_3_41/123.jp2/info.json","EAP105_1_3_41/123"
"31373","https://images.eap.bl.uk/EAP105/EAP105_1_3_44/83.jp2/info.json","EAP105_1_3_44/83"
"31375","https://images.eap.bl.uk/EAP105/EAP105_1_3_44/85.jp2/info.json","EAP105_1_3_44/85"
"33479","https://images.eap.bl.uk/EAP105/EAP105_1_3_55/36.jp2/info.json","EAP105_1_3_55/36"
"33607","https://images.eap.bl.uk/EAP105/EAP105_1_3_55/164.jp2/info.json","EAP105_1_3_55/164"
"33632","https://images.eap.bl.uk/EAP105/EAP105_1_3_56/17.jp2/info.json","EAP105_1_3_56/17"
"33653","https://images.eap.bl.uk/EAP105/EAP105_1_3_56/38.jp2/info.json","EAP105_1_3_56/38"
"33662","https://images.eap.bl.uk/EAP105/EAP105_1_3_56/47.jp2/info.json","EAP105_1_3_56/47"
"33663","https://images.eap.bl.uk/EAP105/EAP105_1_3_56/48.jp2/info.json","EAP105_1_3_56/48"
"33694","https://images.eap.bl.uk/EAP105/EAP105_1_3_56/79.jp2/info.json","EAP105_1_3_56/79"
"33761","https://images.eap.bl.uk/EAP105/EAP105_1_3_56/146.jp2/info.json","EAP105_1_3_56/146"
"33960","https://images.eap.bl.uk/EAP105/EAP105_1_3_60/82.jp2/info.json","EAP105_1_3_60/82"
"34909","https://images.eap.bl.uk/EAP105/EAP105_1_3_65/49.jp2/info.json","EAP105_1_3_65/49"
"34910","https://images.eap.bl.uk/EAP105/EAP105_1_3_65/50.jp2/info.json","EAP105_1_3_65/50"
"34911","https://images.eap.bl.uk/EAP105/EAP105_1_3_65/51.jp2/info.json","EAP105_1_3_65/51"
"34912","https://images.eap.bl.uk/EAP105/EAP105_1_3_65/52.jp2/info.json","EAP105_1_3_65/52"
"34913","https://images.eap.bl.uk/EAP105/EAP105_1_3_65/53.jp2/info.json","EAP105_1_3_65/53"
"34914","https://images.eap.bl.uk/EAP105/EAP105_1_3_65/54.jp2/info.json","EAP105_1_3_65/54"
"34915","https://images.eap.bl.uk/EAP105/EAP105_1_3_65/55.jp2/info.json","EAP105_1_3_65/55"
"34916","https://images.eap.bl.uk/EAP105/EAP105_1_3_65/56.jp2/info.json","EAP105_1_3_65/56"
"34917","https://images.eap.bl.uk/EAP105/EAP105_1_3_65/57.jp2/info.json","EAP105_1_3_65/57"
"34918","https://images.eap.bl.uk/EAP105/EAP105_1_3_65/58.jp2/info.json","EAP105_1_3_65/58"
"34919","https://images.eap.bl.uk/EAP105/EAP105_1_3_65/59.jp2/info.json","EAP105_1_3_65/59"
"34920","https://images.eap.bl.uk/EAP105/EAP105_1_3_65/60.jp2/info.json","EAP105_1_3_65/60"
"34921","https://images.eap.bl.uk/EAP105/EAP105_1_3_65/61.jp2/info.json","EAP105_1_3_65/61"
"34922","https://images.eap.bl.uk/EAP105/EAP105_1_3_65/62.jp2/info.json","EAP105_1_3_65/62"
"34923","https://images.eap.bl.uk/EAP105/EAP105_1_3_65/63.jp2/info.json","EAP105_1_3_65/63"
"34924","https://images.eap.bl.uk/EAP105/EAP105_1_3_65/64.jp2/info.json","EAP105_1_3_65/64"
"34925","https://images.eap.bl.uk/EAP105/EAP105_1_3_65/65.jp2/info.json","EAP105_1_3_65/65"
"34926","https://images.eap.bl.uk/EAP105/EAP105_1_3_65/66.jp2/info.json","EAP105_1_3_65/66"
"34927","https://images.eap.bl.uk/EAP105/EAP105_1_3_65/67.jp2/info.json","EAP105_1_3_65/67"
"34928","https://images.eap.bl.uk/EAP105/EAP105_1_3_65/68.jp2/info.json","EAP105_1_3_65/68"
"34929","https://images.eap.bl.uk/EAP105/EAP105_1_3_65/69.jp2/info.json","EAP105_1_3_65/69"
"34930","https://images.eap.bl.uk/EAP105/EAP105_1_3_65/70.jp2/info.json","EAP105_1_3_65/70"
"34931","https://images.eap.bl.uk/EAP105/EAP105_1_3_65/71.jp2/info.json","EAP105_1_3_65/71"
"34932","https://images.eap.bl.uk/EAP105/EAP105_1_3_65/72.jp2/info.json","EAP105_1_3_65/72"
"34933","https://images.eap.bl.uk/EAP105/EAP105_1_3_65/73.jp2/info.json","EAP105_1_3_65/73"
"34934","https://images.eap.bl.uk/EAP105/EAP105_1_3_65/74.jp2/info.json","EAP105_1_3_65/74"
"35025","https://images.eap.bl.uk/EAP105/EAP105_1_3_66/91.jp2/info.json","EAP105_1_3_66/91"
"36747","https://images.eap.bl.uk/EAP105/EAP105_1_3_77/28.jp2/info.json","EAP105_1_3_77/28"
"38182","https://images.eap.bl.uk/EAP105/EAP105_1_3_88/63.jp2/info.json","EAP105_1_3_88/63"
"38734","https://images.eap.bl.uk/EAP105/EAP105_1_3_91/19.jp2/info.json","EAP105_1_3_91/19"
"38735","https://images.eap.bl.uk/EAP105/EAP105_1_3_91/20.jp2/info.json","EAP105_1_3_91/20"
"38736","https://images.eap.bl.uk/EAP105/EAP105_1_3_91/21.jp2/info.json","EAP105_1_3_91/21"
"38786","https://images.eap.bl.uk/EAP105/EAP105_1_3_91/71.jp2/info.json","EAP105_1_3_91/71"
"38812","https://images.eap.bl.uk/EAP105/EAP105_1_3_91/97.jp2/info.json","EAP105_1_3_91/97"
"38831","https://images.eap.bl.uk/EAP105/EAP105_1_3_91/116.jp2/info.json","EAP105_1_3_91/116"
"38836","https://images.eap.bl.uk/EAP105/EAP105_1_3_91/121.jp2/info.json","EAP105_1_3_91/121"
"38863","https://images.eap.bl.uk/EAP105/EAP105_1_3_91/148.jp2/info.json","EAP105_1_3_91/148"
"38866","https://images.eap.bl.uk/EAP105/EAP105_1_3_91/151.jp2/info.json","EAP105_1_3_91/151"
"38868","https://images.eap.bl.uk/EAP105/EAP105_1_3_91/153.jp2/info.json","EAP105_1_3_91/153"
"38873","https://images.eap.bl.uk/EAP105/EAP105_1_3_91/158.jp2/info.json","EAP105_1_3_91/158"
"38905","https://images.eap.bl.uk/EAP105/EAP105_1_3_91/190.jp2/info.json","EAP105_1_3_91/190"
"39459","https://images.eap.bl.uk/EAP105/EAP105_1_3_94/145.jp2/info.json","EAP105_1_3_94/145"
"39466","https://images.eap.bl.uk/EAP105/EAP105_1_3_94/152.jp2/info.json","EAP105_1_3_94/152"
"39531","https://images.eap.bl.uk/EAP105/EAP105_1_3_95/63.jp2/info.json","EAP105_1_3_95/63"
"40115","https://images.eap.bl.uk/EAP105/EAP105_1_3_98/173.jp2/info.json","EAP105_1_3_98/173"
"40116","https://images.eap.bl.uk/EAP105/EAP105_1_3_98/174.jp2/info.json","EAP105_1_3_98/174"
"40117","https://images.eap.bl.uk/EAP105/EAP105_1_3_98/175.jp2/info.json","EAP105_1_3_98/175"
"40118","https://images.eap.bl.uk/EAP105/EAP105_1_3_98/176.jp2/info.json","EAP105_1_3_98/176"
"40119","https://images.eap.bl.uk/EAP105/EAP105_1_3_98/177.jp2/info.json","EAP105_1_3_98/177"
"40120","https://images.eap.bl.uk/EAP105/EAP105_1_3_98/178.jp2/info.json","EAP105_1_3_98/178"
"40121","https://images.eap.bl.uk/EAP105/EAP105_1_3_98/179.jp2/info.json","EAP105_1_3_98/179"
"40122","https://images.eap.bl.uk/EAP105/EAP105_1_3_98/180.jp2/info.json","EAP105_1_3_98/180"
"40123","https://images.eap.bl.uk/EAP105/EAP105_1_3_98/181.jp2/info.json","EAP105_1_3_98/181"
"40124","https://images.eap.bl.uk/EAP105/EAP105_1_3_98/182.jp2/info.json","EAP105_1_3_98/182"
"40125","https://images.eap.bl.uk/EAP105/EAP105_1_3_98/183.jp2/info.json","EAP105_1_3_98/183"
"40126","https://images.eap.bl.uk/EAP105/EAP105_1_3_98/184.jp2/info.json","EAP105_1_3_98/184"
"40127","https://images.eap.bl.uk/EAP105/EAP105_1_3_98/185.jp2/info.json","EAP105_1_3_98/185"
"40128","https://images.eap.bl.uk/EAP105/EAP105_1_3_98/186.jp2/info.json","EAP105_1_3_98/186"
"40129","https://images.eap.bl.uk/EAP105/EAP105_1_3_98/187.jp2/info.json","EAP105_1_3_98/187"
"40130","https://images.eap.bl.uk/EAP105/EAP105_1_3_98/188.jp2/info.json","EAP105_1_3_98/188"
"40131","https://images.eap.bl.uk/EAP105/EAP105_1_3_98/189.jp2/info.json","EAP105_1_3_98/189"
"40132","https://images.eap.bl.uk/EAP105/EAP105_1_3_98/190.jp2/info.json","EAP105_1_3_98/190"
"40133","https://images.eap.bl.uk/EAP105/EAP105_1_3_98/191.jp2/info.json","EAP105_1_3_98/191"
"40134","https://images.eap.bl.uk/EAP105/EAP105_1_3_98/192.jp2/info.json","EAP105_1_3_98/192"
"40135","https://images.eap.bl.uk/EAP105/EAP105_1_3_98/193.jp2/info.json","EAP105_1_3_98/193"
"40136","https://images.eap.bl.uk/EAP105/EAP105_1_3_98/194.jp2/info.json","EAP105_1_3_98/194"
"40137","https://images.eap.bl.uk/EAP105/EAP105_1_3_98/195.jp2/info.json","EAP105_1_3_98/195"
"40138","https://images.eap.bl.uk/EAP105/EAP105_1_3_98/196.jp2/info.json","EAP105_1_3_98/196"
"40139","https://images.eap.bl.uk/EAP105/EAP105_1_3_98/197.jp2/info.json","EAP105_1_3_98/197"
"40140","https://images.eap.bl.uk/EAP105/EAP105_1_3_98/198.jp2/info.json","EAP105_1_3_98/198"
"40141","https://images.eap.bl.uk/EAP105/EAP105_1_3_98/199.jp2/info.json","EAP105_1_3_98/199"
"40142","https://images.eap.bl.uk/EAP105/EAP105_1_3_98/200.jp2/info.json","EAP105_1_3_98/200"
"40143","https://images.eap.bl.uk/EAP105/EAP105_1_3_98/201.jp2/info.json","EAP105_1_3_98/201"
"40144","https://images.eap.bl.uk/EAP105/EAP105_1_3_98/202.jp2/info.json","EAP105_1_3_98/202"
"40145","https://images.eap.bl.uk/EAP105/EAP105_1_3_98/203.jp2/info.json","EAP105_1_3_98/203"
"40146","https://images.eap.bl.uk/EAP105/EAP105_1_3_98/204.jp2/info.json","EAP105_1_3_98/204"
"40147","https://images.eap.bl.uk/EAP105/EAP105_1_3_98/205.jp2/info.json","EAP105_1_3_98/205"
"40148","https://images.eap.bl.uk/EAP105/EAP105_1_3_98/206.jp2/info.json","EAP105_1_3_98/206"
"40149","https://images.eap.bl.uk/EAP105/EAP105_1_3_98/207.jp2/info.json","EAP105_1_3_98/207"
"40150","https://images.eap.bl.uk/EAP105/EAP105_1_3_98/208.jp2/info.json","EAP105_1_3_98/208"
"40151","https://images.eap.bl.uk/EAP105/EAP105_1_3_98/209.jp2/info.json","EAP105_1_3_98/209"
"40152","https://images.eap.bl.uk/EAP105/EAP105_1_3_98/210.jp2/info.json","EAP105_1_3_98/210"
"40153","https://images.eap.bl.uk/EAP105/EAP105_1_3_98/211.jp2/info.json","EAP105_1_3_98/211"
"40154","https://images.eap.bl.uk/EAP105/EAP105_1_3_98/212.jp2/info.json","EAP105_1_3_98/212"
"40155","https://images.eap.bl.uk/EAP105/EAP105_1_3_98/213.jp2/info.json","EAP105_1_3_98/213"
"40156","https://images.eap.bl.uk/EAP105/EAP105_1_3_98/214.jp2/info.json","EAP105_1_3_98/214"
"40157","https://images.eap.bl.uk/EAP105/EAP105_1_3_98/215.jp2/info.json","EAP105_1_3_98/215"
"40158","https://images.eap.bl.uk/EAP105/EAP105_1_3_98/216.jp2/info.json","EAP105_1_3_98/216"
"40159","https://images.eap.bl.uk/EAP105/EAP105_1_3_98/217.jp2/info.json","EAP105_1_3_98/217"
"40322","https://images.eap.bl.uk/EAP105/EAP105_1_3_100/67.jp2/info.json","EAP105_1_3_100/67"
"40323","https://images.eap.bl.uk/EAP105/EAP105_1_3_100/68.jp2/info.json","EAP105_1_3_100/68"
"40324","https://images.eap.bl.uk/EAP105/EAP105_1_3_100/69.jp2/info.json","EAP105_1_3_100/69"
"40325","https://images.eap.bl.uk/EAP105/EAP105_1_3_100/70.jp2/info.json","EAP105_1_3_100/70"
"40326","https://images.eap.bl.uk/EAP105/EAP105_1_3_100/71.jp2/info.json","EAP105_1_3_100/71"
"40327","https://images.eap.bl.uk/EAP105/EAP105_1_3_100/72.jp2/info.json","EAP105_1_3_100/72"
"40328","https://images.eap.bl.uk/EAP105/EAP105_1_3_100/73.jp2/info.json","EAP105_1_3_100/73"
"40329","https://images.eap.bl.uk/EAP105/EAP105_1_3_100/74.jp2/info.json","EAP105_1_3_100/74"
"40330","https://images.eap.bl.uk/EAP105/EAP105_1_3_100/75.jp2/info.json","EAP105_1_3_100/75"
"40331","https://images.eap.bl.uk/EAP105/EAP105_1_3_100/76.jp2/info.json","EAP105_1_3_100/76"
"40332","https://images.eap.bl.uk/EAP105/EAP105_1_3_100/77.jp2/info.json","EAP105_1_3_100/77"
"40333","https://images.eap.bl.uk/EAP105/EAP105_1_3_100/78.jp2/info.json","EAP105_1_3_100/78"
"40334","https://images.eap.bl.uk/EAP105/EAP105_1_3_100/79.jp2/info.json","EAP105_1_3_100/79"
"40335","https://images.eap.bl.uk/EAP105/EAP105_1_3_100/80.jp2/info.json","EAP105_1_3_100/80"
"40336","https://images.eap.bl.uk/EAP105/EAP105_1_3_100/81.jp2/info.json","EAP105_1_3_100/81"
"40337","https://images.eap.bl.uk/EAP105/EAP105_1_3_100/82.jp2/info.json","EAP105_1_3_100/82"
"40338","https://images.eap.bl.uk/EAP105/EAP105_1_3_100/83.jp2/info.json","EAP105_1_3_100/83"
"40339","https://images.eap.bl.uk/EAP105/EAP105_1_3_100/84.jp2/info.json","EAP105_1_3_100/84"
"40340","https://images.eap.bl.uk/EAP105/EAP105_1_3_100/85.jp2/info.json","EAP105_1_3_100/85"
"40341","https://images.eap.bl.uk/EAP105/EAP105_1_3_100/86.jp2/info.json","EAP105_1_3_100/86"
"40342","https://images.eap.bl.uk/EAP105/EAP105_1_3_100/87.jp2/info.json","EAP105_1_3_100/87"
"40589","https://images.eap.bl.uk/EAP105/EAP105_1_3_104/61.jp2/info.json","EAP105_1_3_104/61"
"40665","https://images.eap.bl.uk/EAP105/EAP105_1_3_104/137.jp2/info.json","EAP105_1_3_104/137"
"40670","https://images.eap.bl.uk/EAP105/EAP105_1_3_104/142.jp2/info.json","EAP105_1_3_104/142"
"40721","https://images.eap.bl.uk/EAP105/EAP105_1_3_104/193.jp2/info.json","EAP105_1_3_104/193"
"40722","https://images.eap.bl.uk/EAP105/EAP105_1_3_104/194.jp2/info.json","EAP105_1_3_104/194"
"40723","https://images.eap.bl.uk/EAP105/EAP105_1_3_104/195.jp2/info.json","EAP105_1_3_104/195"
"40724","https://images.eap.bl.uk/EAP105/EAP105_1_3_104/196.jp2/info.json","EAP105_1_3_104/196"
"40725","https://images.eap.bl.uk/EAP105/EAP105_1_3_104/197.jp2/info.json","EAP105_1_3_104/197"
"40726","https://images.eap.bl.uk/EAP105/EAP105_1_3_104/198.jp2/info.json","EAP105_1_3_104/198"
"40727","https://images.eap.bl.uk/EAP105/EAP105_1_3_104/199.jp2/info.json","EAP105_1_3_104/199"
"42018","https://images.eap.bl.uk/EAP105/EAP105_1_3_115/50.jp2/info.json","EAP105_1_3_115/50"
"44176","https://images.eap.bl.uk/EAP105/EAP105_1_3_133/157.jp2/info.json","EAP105_1_3_133/157"
"44177","https://images.eap.bl.uk/EAP105/EAP105_1_3_133/158.jp2/info.json","EAP105_1_3_133/158"
"44178","https://images.eap.bl.uk/EAP105/EAP105_1_3_133/159.jp2/info.json","EAP105_1_3_133/159"
"44179","https://images.eap.bl.uk/EAP105/EAP105_1_3_133/160.jp2/info.json","EAP105_1_3_133/160"
"44180","https://images.eap.bl.uk/EAP105/EAP105_1_3_133/161.jp2/info.json","EAP105_1_3_133/161"
"44181","https://images.eap.bl.uk/EAP105/EAP105_1_3_133/162.jp2/info.json","EAP105_1_3_133/162"
"44182","https://images.eap.bl.uk/EAP105/EAP105_1_3_133/163.jp2/info.json","EAP105_1_3_133/163"
"44183","https://images.eap.bl.uk/EAP105/EAP105_1_3_133/164.jp2/info.json","EAP105_1_3_133/164"
"44184","https://images.eap.bl.uk/EAP105/EAP105_1_3_133/165.jp2/info.json","EAP105_1_3_133/165"
"44185","https://images.eap.bl.uk/EAP105/EAP105_1_3_133/166.jp2/info.json","EAP105_1_3_133/166"
"44186","https://images.eap.bl.uk/EAP105/EAP105_1_3_133/167.jp2/info.json","EAP105_1_3_133/167"
"44187","https://images.eap.bl.uk/EAP105/EAP105_1_3_133/168.jp2/info.json","EAP105_1_3_133/168"
"44188","https://images.eap.bl.uk/EAP105/EAP105_1_3_133/169.jp2/info.json","EAP105_1_3_133/169"
"44189","https://images.eap.bl.uk/EAP105/EAP105_1_3_133/170.jp2/info.json","EAP105_1_3_133/170"
"44190","https://images.eap.bl.uk/EAP105/EAP105_1_3_133/171.jp2/info.json","EAP105_1_3_133/171"
"44191","https://images.eap.bl.uk/EAP105/EAP105_1_3_133/172.jp2/info.json","EAP105_1_3_133/172"
"44192","https://images.eap.bl.uk/EAP105/EAP105_1_3_133/173.jp2/info.json","EAP105_1_3_133/173"
"44193","https://images.eap.bl.uk/EAP105/EAP105_1_3_133/174.jp2/info.json","EAP105_1_3_133/174"
"44194","https://images.eap.bl.uk/EAP105/EAP105_1_3_133/175.jp2/info.json","EAP105_1_3_133/175"
"44195","https://images.eap.bl.uk/EAP105/EAP105_1_3_133/176.jp2/info.json","EAP105_1_3_133/176"
"44755","https://images.eap.bl.uk/EAP105/EAP105_1_3_152/9.jp2/info.json","EAP105_1_3_152/9"
"44896","https://images.eap.bl.uk/EAP105/EAP105_1_3_154/26.jp2/info.json","EAP105_1_3_154/26"
"46218","https://images.eap.bl.uk/EAP105/EAP105_1_3_169/9.jp2/info.json","EAP105_1_3_169/9"
"46219","https://images.eap.bl.uk/EAP105/EAP105_1_3_169/10.jp2/info.json","EAP105_1_3_169/10"
"46899","https://images.eap.bl.uk/EAP105/EAP105_1_3_171/290.jp2/info.json","EAP105_1_3_171/290"
"48212","https://images.eap.bl.uk/EAP105/EAP105_1_3_199/81.jp2/info.json","EAP105_1_3_199/81"
"52444","https://images.eap.bl.uk/EAP105/EAP105_2_1_107/1.jp2/info.json","EAP105_2_1_107/1"
"52778","https://images.eap.bl.uk/EAP105/EAP105_2_1_139/6.jp2/info.json","EAP105_2_1_139/6"
"53158","https://images.eap.bl.uk/EAP105/EAP105_2_1_153/65.jp2/info.json","EAP105_2_1_153/65"
"53161","https://images.eap.bl.uk/EAP105/EAP105_2_1_153/68.jp2/info.json","EAP105_2_1_153/68"
"58268","https://images.eap.bl.uk/EAP105/EAP105_2_1_182/8.jp2/info.json","EAP105_2_1_182/8"
"58269","https://images.eap.bl.uk/EAP105/EAP105_2_1_182/9.jp2/info.json","EAP105_2_1_182/9"
"58270","https://images.eap.bl.uk/EAP105/EAP105_2_1_182/10.jp2/info.json","EAP105_2_1_182/10"
"58294","https://images.eap.bl.uk/EAP105/EAP105_2_1_184/4.jp2/info.json","EAP105_2_1_184/4"
"58911","https://images.eap.bl.uk/EAP105/EAP105_2_1_195/236.jp2/info.json","EAP105_2_1_195/236"
"58956","https://images.eap.bl.uk/EAP105/EAP105_2_1_195/281.jp2/info.json","EAP105_2_1_195/281"
"60553","https://images.eap.bl.uk/EAP105/EAP105_2_1_258/3.jp2/info.json","EAP105_2_1_258/3"
"60554","https://images.eap.bl.uk/EAP105/EAP105_2_1_258/4.jp2/info.json","EAP105_2_1_258/4"
"60555","https://images.eap.bl.uk/EAP105/EAP105_2_1_258/5.jp2/info.json","EAP105_2_1_258/5"
"60556","https://images.eap.bl.uk/EAP105/EAP105_2_1_258/6.jp2/info.json","EAP105_2_1_258/6"
"60557","https://images.eap.bl.uk/EAP105/EAP105_2_1_258/7.jp2/info.json","EAP105_2_1_258/7"
"62542","https://images.eap.bl.uk/EAP105/EAP105_2_1_380/9.jp2/info.json","EAP105_2_1_380/9"
"63142","https://images.eap.bl.uk/EAP105/EAP105_2_2_3/27.jp2/info.json","EAP105_2_2_3/27"
"63143","https://images.eap.bl.uk/EAP105/EAP105_2_2_3/28.jp2/info.json","EAP105_2_2_3/28"
"64984","https://images.eap.bl.uk/EAP105/EAP105_2_3_60/40.jp2/info.json","EAP105_2_3_60/40"
"66039","https://images.eap.bl.uk/EAP105/EAP105_2_4_1/303.jp2/info.json","EAP105_2_4_1/303"
"66497","https://images.eap.bl.uk/EAP105/EAP105_2_4_6/21.jp2/info.json","EAP105_2_4_6/21"
"68386","https://images.eap.bl.uk/EAP105/EAP105_2_5_20/61.jp2/info.json","EAP105_2_5_20/61"
"68387","https://images.eap.bl.uk/EAP105/EAP105_2_5_20/62.jp2/info.json","EAP105_2_5_20/62"
"68388","https://images.eap.bl.uk/EAP105/EAP105_2_5_20/63.jp2/info.json","EAP105_2_5_20/63"
"68389","https://images.eap.bl.uk/EAP105/EAP105_2_5_20/64.jp2/info.json","EAP105_2_5_20/64"
"68390","https://images.eap.bl.uk/EAP105/EAP105_2_5_20/65.jp2/info.json","EAP105_2_5_20/65"
"68394","https://images.eap.bl.uk/EAP105/EAP105_2_5_20/69.jp2/info.json","EAP105_2_5_20/69"
"68404","https://images.eap.bl.uk/EAP105/EAP105_2_5_20/79.jp2/info.json","EAP105_2_5_20/79"
"68408","https://images.eap.bl.uk/EAP105/EAP105_2_5_20/83.jp2/info.json","EAP105_2_5_20/83"
"68412","https://images.eap.bl.uk/EAP105/EAP105_2_5_20/87.jp2/info.json","EAP105_2_5_20/87"
"68432","https://images.eap.bl.uk/EAP105/EAP105_2_5_20/107.jp2/info.json","EAP105_2_5_20/107"
"68439","https://images.eap.bl.uk/EAP105/EAP105_2_5_20/114.jp2/info.json","EAP105_2_5_20/114"
"68443","https://images.eap.bl.uk/EAP105/EAP105_2_5_20/118.jp2/info.json","EAP105_2_5_20/118"
"68445","https://images.eap.bl.uk/EAP105/EAP105_2_5_20/120.jp2/info.json","EAP105_2_5_20/120"
"68447","https://images.eap.bl.uk/EAP105/EAP105_2_5_20/122.jp2/info.json","EAP105_2_5_20/122"
"68451","https://images.eap.bl.uk/EAP105/EAP105_2_5_20/126.jp2/info.json","EAP105_2_5_20/126"
"68453","https://images.eap.bl.uk/EAP105/EAP105_2_5_20/128.jp2/info.json","EAP105_2_5_20/128"
"68457","https://images.eap.bl.uk/EAP105/EAP105_2_5_20/132.jp2/info.json","EAP105_2_5_20/132"
"68459","https://images.eap.bl.uk/EAP105/EAP105_2_5_20/134.jp2/info.json","EAP105_2_5_20/134"
"68486","https://images.eap.bl.uk/EAP105/EAP105_2_5_20/161.jp2/info.json","EAP105_2_5_20/161"
"68497","https://images.eap.bl.uk/EAP105/EAP105_2_5_21/8.jp2/info.json","EAP105_2_5_21/8"
"68504","https://images.eap.bl.uk/EAP105/EAP105_2_5_21/15.jp2/info.json","EAP105_2_5_21/15"
"68511","https://images.eap.bl.uk/EAP105/EAP105_2_5_21/22.jp2/info.json","EAP105_2_5_21/22"
"68536","https://images.eap.bl.uk/EAP105/EAP105_2_5_21/47.jp2/info.json","EAP105_2_5_21/47"
"68539","https://images.eap.bl.uk/EAP105/EAP105_2_5_21/50.jp2/info.json","EAP105_2_5_21/50"
"68550","https://images.eap.bl.uk/EAP105/EAP105_2_5_21/61.jp2/info.json","EAP105_2_5_21/61"
"68554","https://images.eap.bl.uk/EAP105/EAP105_2_5_21/65.jp2/info.json","EAP105_2_5_21/65"
"69526","https://images.eap.bl.uk/EAP105/EAP105_2_6_1/5.jp2/info.json","EAP105_2_6_1/5"
"69634","https://images.eap.bl.uk/EAP105/EAP105_2_6_4/42.jp2/info.json","EAP105_2_6_4/42"
"69957","https://images.eap.bl.uk/EAP105/EAP105_2_6_6/130.jp2/info.json","EAP105_2_6_6/130"
"70084","https://images.eap.bl.uk/EAP105/EAP105_2_6_7/89.jp2/info.json","EAP105_2_6_7/89"
"70088","https://images.eap.bl.uk/EAP105/EAP105_2_6_7/93.jp2/info.json","EAP105_2_6_7/93"
"70089","https://images.eap.bl.uk/EAP105/EAP105_2_6_7/94.jp2/info.json","EAP105_2_6_7/94"
"70090","https://images.eap.bl.uk/EAP105/EAP105_2_6_7/95.jp2/info.json","EAP105_2_6_7/95"
"70091","https://images.eap.bl.uk/EAP105/EAP105_2_6_7/96.jp2/info.json","EAP105_2_6_7/96"
"70092","https://images.eap.bl.uk/EAP105/EAP105_2_7_1_1/1.jp2/info.json","EAP105_2_7_1_1/1"
"70093","https://images.eap.bl.uk/EAP105/EAP105_2_7_1_1/2.jp2/info.json","EAP105_2_7_1_1/2"
"70094","https://images.eap.bl.uk/EAP105/EAP105_2_7_1_1/3.jp2/info.json","EAP105_2_7_1_1/3"
"70096","https://images.eap.bl.uk/EAP105/EAP105_2_7_1_1/5.jp2/info.json","EAP105_2_7_1_1/5"
"70098","https://images.eap.bl.uk/EAP105/EAP105_2_7_1_1/7.jp2/info.json","EAP105_2_7_1_1/7"
"70100","https://images.eap.bl.uk/EAP105/EAP105_2_7_1_1/9.jp2/info.json","EAP105_2_7_1_1/9"
"70106","https://images.eap.bl.uk/EAP105/EAP105_2_7_1_1/15.jp2/info.json","EAP105_2_7_1_1/15"
"70107","https://images.eap.bl.uk/EAP105/EAP105_2_7_1_1/16.jp2/info.json","EAP105_2_7_1_1/16"
"70108","https://images.eap.bl.uk/EAP105/EAP105_2_7_1_1/17.jp2/info.json","EAP105_2_7_1_1/17"
"70109","https://images.eap.bl.uk/EAP105/EAP105_2_7_1_1/18.jp2/info.json","EAP105_2_7_1_1/18"
"70122","https://images.eap.bl.uk/EAP105/EAP105_2_7_1_1/31.jp2/info.json","EAP105_2_7_1_1/31"
"70126","https://images.eap.bl.uk/EAP105/EAP105_2_7_1_1/35.jp2/info.json","EAP105_2_7_1_1/35"
"70133","https://images.eap.bl.uk/EAP105/EAP105_2_7_1_1/42.jp2/info.json","EAP105_2_7_1_1/42"
"70185","https://images.eap.bl.uk/EAP105/EAP105_2_7_1_1/94.jp2/info.json","EAP105_2_7_1_1/94"
"70188","https://images.eap.bl.uk/EAP105/EAP105_2_7_1_1/97.jp2/info.json","EAP105_2_7_1_1/97"
"70191","https://images.eap.bl.uk/EAP105/EAP105_2_7_1_1/100.jp2/info.json","EAP105_2_7_1_1/100"
"70195","https://images.eap.bl.uk/EAP105/EAP105_2_7_1_1/104.jp2/info.json","EAP105_2_7_1_1/104"
"70203","https://images.eap.bl.uk/EAP105/EAP105_2_7_1_1/112.jp2/info.json","EAP105_2_7_1_1/112"
"70209","https://images.eap.bl.uk/EAP105/EAP105_2_7_1_1/118.jp2/info.json","EAP105_2_7_1_1/118"
"70216","https://images.eap.bl.uk/EAP105/EAP105_2_7_1_1/125.jp2/info.json","EAP105_2_7_1_1/125"
"70224","https://images.eap.bl.uk/EAP105/EAP105_2_7_1_1/133.jp2/info.json","EAP105_2_7_1_1/133"
"70226","https://images.eap.bl.uk/EAP105/EAP105_2_7_1_1/135.jp2/info.json","EAP105_2_7_1_1/135"
"70236","https://images.eap.bl.uk/EAP105/EAP105_2_7_1_1/145.jp2/info.json","EAP105_2_7_1_1/145"
"70240","https://images.eap.bl.uk/EAP105/EAP105_2_7_1_1/149.jp2/info.json","EAP105_2_7_1_1/149"
"70241","https://images.eap.bl.uk/EAP105/EAP105_2_7_1_1/150.jp2/info.json","EAP105_2_7_1_1/150"
"70243","https://images.eap.bl.uk/EAP105/EAP105_2_7_1_1/152.jp2/info.json","EAP105_2_7_1_1/152"
"70245","https://images.eap.bl.uk/EAP105/EAP105_2_7_1_1/154.jp2/info.json","EAP105_2_7_1_1/154"
"70246","https://images.eap.bl.uk/EAP105/EAP105_2_7_1_1/155.jp2/info.json","EAP105_2_7_1_1/155"
"70248","https://images.eap.bl.uk/EAP105/EAP105_2_7_1_1/157.jp2/info.json","EAP105_2_7_1_1/157"
"70253","https://images.eap.bl.uk/EAP105/EAP105_2_7_1_1/162.jp2/info.json","EAP105_2_7_1_1/162"
"70255","https://images.eap.bl.uk/EAP105/EAP105_2_7_1_1/164.jp2/info.json","EAP105_2_7_1_1/164"
"70256","https://images.eap.bl.uk/EAP105/EAP105_2_7_1_1/165.jp2/info.json","EAP105_2_7_1_1/165"
"70257","https://images.eap.bl.uk/EAP105/EAP105_2_7_1_1/166.jp2/info.json","EAP105_2_7_1_1/166"
"70258","https://images.eap.bl.uk/EAP105/EAP105_2_7_1_1/167.jp2/info.json","EAP105_2_7_1_1/167"
"71245","https://images.eap.bl.uk/EAP105/EAP105_2_7_1_11/169.jp2/info.json","EAP105_2_7_1_11/169"
"71246","https://images.eap.bl.uk/EAP105/EAP105_2_7_1_11/170.jp2/info.json","EAP105_2_7_1_11/170"
"71247","https://images.eap.bl.uk/EAP105/EAP105_2_7_1_11/171.jp2/info.json","EAP105_2_7_1_11/171"
"71248","https://images.eap.bl.uk/EAP105/EAP105_2_7_1_11/172.jp2/info.json","EAP105_2_7_1_11/172"
"71249","https://images.eap.bl.uk/EAP105/EAP105_2_7_1_11/173.jp2/info.json","EAP105_2_7_1_11/173"
"71250","https://images.eap.bl.uk/EAP105/EAP105_2_7_1_11/174.jp2/info.json","EAP105_2_7_1_11/174"
"71251","https://images.eap.bl.uk/EAP105/EAP105_2_7_1_11/175.jp2/info.json","EAP105_2_7_1_11/175"
"71252","https://images.eap.bl.uk/EAP105/EAP105_2_7_1_11/176.jp2/info.json","EAP105_2_7_1_11/176"
"71253","https://images.eap.bl.uk/EAP105/EAP105_2_7_1_11/177.jp2/info.json","EAP105_2_7_1_11/177"
"71254","https://images.eap.bl.uk/EAP105/EAP105_2_7_1_11/178.jp2/info.json","EAP105_2_7_1_11/178"
"71255","https://images.eap.bl.uk/EAP105/EAP105_2_7_1_11/179.jp2/info.json","EAP105_2_7_1_11/179"
"71256","https://images.eap.bl.uk/EAP105/EAP105_2_7_1_11/180.jp2/info.json","EAP105_2_7_1_11/180"
"71257","https://images.eap.bl.uk/EAP105/EAP105_2_7_1_11/181.jp2/info.json","EAP105_2_7_1_11/181"
"71258","https://images.eap.bl.uk/EAP105/EAP105_2_7_1_11/182.jp2/info.json","EAP105_2_7_1_11/182"
"71259","https://images.eap.bl.uk/EAP105/EAP105_2_7_1_11/183.jp2/info.json","EAP105_2_7_1_11/183"
"71260","https://images.eap.bl.uk/EAP105/EAP105_2_7_1_11/184.jp2/info.json","EAP105_2_7_1_11/184"
"71261","https://images.eap.bl.uk/EAP105/EAP105_2_7_1_11/185.jp2/info.json","EAP105_2_7_1_11/185"
"71262","https://images.eap.bl.uk/EAP105/EAP105_2_7_1_11/186.jp2/info.json","EAP105_2_7_1_11/186"
"71263","https://images.eap.bl.uk/EAP105/EAP105_2_7_1_11/187.jp2/info.json","EAP105_2_7_1_11/187"
"71264","https://images.eap.bl.uk/EAP105/EAP105_2_7_1_11/188.jp2/info.json","EAP105_2_7_1_11/188"
"71265","https://images.eap.bl.uk/EAP105/EAP105_2_7_1_11/189.jp2/info.json","EAP105_2_7_1_11/189"
"71266","https://images.eap.bl.uk/EAP105/EAP105_2_7_1_11/190.jp2/info.json","EAP105_2_7_1_11/190"
"71267","https://images.eap.bl.uk/EAP105/EAP105_2_7_1_11/191.jp2/info.json","EAP105_2_7_1_11/191"
"71268","https://images.eap.bl.uk/EAP105/EAP105_2_7_1_11/192.jp2/info.json","EAP105_2_7_1_11/192"
"71269","https://images.eap.bl.uk/EAP105/EAP105_2_7_1_11/193.jp2/info.json","EAP105_2_7_1_11/193"
"71270","https://images.eap.bl.uk/EAP105/EAP105_2_7_1_11/194.jp2/info.json","EAP105_2_7_1_11/194"
"71271","https://images.eap.bl.uk/EAP105/EAP105_2_7_1_11/195.jp2/info.json","EAP105_2_7_1_11/195"
"71272","https://images.eap.bl.uk/EAP105/EAP105_2_7_1_11/196.jp2/info.json","EAP105_2_7_1_11/196"
"71273","https://images.eap.bl.uk/EAP105/EAP105_2_7_1_11/197.jp2/info.json","EAP105_2_7_1_11/197"
"71274","https://images.eap.bl.uk/EAP105/EAP105_2_7_1_11/198.jp2/info.json","EAP105_2_7_1_11/198"
"71275","https://images.eap.bl.uk/EAP105/EAP105_2_7_1_11/199.jp2/info.json","EAP105_2_7_1_11/199"
"71276","https://images.eap.bl.uk/EAP105/EAP105_2_7_1_11/200.jp2/info.json","EAP105_2_7_1_11/200"
"71376","https://images.eap.bl.uk/EAP105/EAP105_2_7_1_11/300.jp2/info.json","EAP105_2_7_1_11/300"
"71740","https://images.eap.bl.uk/EAP105/EAP105_2_7_1_14/49.jp2/info.json","EAP105_2_7_1_14/49"
"71953","https://images.eap.bl.uk/EAP105/EAP105_2_7_1_16/70.jp2/info.json","EAP105_2_7_1_16/70"
"72011","https://images.eap.bl.uk/EAP105/EAP105_2_7_1_16/128.jp2/info.json","EAP105_2_7_1_16/128"
"72029","https://images.eap.bl.uk/EAP105/EAP105_2_7_1_16/146.jp2/info.json","EAP105_2_7_1_16/146"
"72031","https://images.eap.bl.uk/EAP105/EAP105_2_7_1_16/148.jp2/info.json","EAP105_2_7_1_16/148"
"72340","https://images.eap.bl.uk/EAP105/EAP105_2_7_1_17/103.jp2/info.json","EAP105_2_7_1_17/103"
"72573","https://images.eap.bl.uk/EAP105/EAP105_2_7_1_17/336.jp2/info.json","EAP105_2_7_1_17/336"
"72608","https://images.eap.bl.uk/EAP105/EAP105_2_7_1_18/10.jp2/info.json","EAP105_2_7_1_18/10"
"72781","https://images.eap.bl.uk/EAP105/EAP105_2_7_1_19/52.jp2/info.json","EAP105_2_7_1_19/52"
"72899","https://images.eap.bl.uk/EAP105/EAP105_2_7_1_19/170.jp2/info.json","EAP105_2_7_1_19/170"
"73036","https://images.eap.bl.uk/EAP105/EAP105_2_7_1_20/79.jp2/info.json","EAP105_2_7_1_20/79"
"73120","https://images.eap.bl.uk/EAP105/EAP105_2_7_1_20/163.jp2/info.json","EAP105_2_7_1_20/163"
"73853","https://images.eap.bl.uk/EAP105/EAP105_2_7_1_24/114.jp2/info.json","EAP105_2_7_1_24/114"
"73903","https://images.eap.bl.uk/EAP105/EAP105_2_7_1_24/164.jp2/info.json","EAP105_2_7_1_24/164"
"74400","https://images.eap.bl.uk/EAP105/EAP105_2_7_1_26/152.jp2/info.json","EAP105_2_7_1_26/152"
"74410","https://images.eap.bl.uk/EAP105/EAP105_2_7_1_26/162.jp2/info.json","EAP105_2_7_1_26/162"
"77775","https://images.eap.bl.uk/EAP105/EAP105_2_7_1_45/58.jp2/info.json","EAP105_2_7_1_45/58"
"78502","https://images.eap.bl.uk/EAP105/EAP105_2_7_1_50/65.jp2/info.json","EAP105_2_7_1_50/65"
"78503","https://images.eap.bl.uk/EAP105/EAP105_2_7_1_50/66.jp2/info.json","EAP105_2_7_1_50/66"
"78504","https://images.eap.bl.uk/EAP105/EAP105_2_7_1_50/67.jp2/info.json","EAP105_2_7_1_50/67"
"78505","https://images.eap.bl.uk/EAP105/EAP105_2_7_1_50/68.jp2/info.json","EAP105_2_7_1_50/68"
"79235","https://images.eap.bl.uk/EAP105/EAP105_2_7_1_57/9.jp2/info.json","EAP105_2_7_1_57/9"
"79236","https://images.eap.bl.uk/EAP105/EAP105_2_7_1_57/10.jp2/info.json","EAP105_2_7_1_57/10"
"79237","https://images.eap.bl.uk/EAP105/EAP105_2_7_1_57/11.jp2/info.json","EAP105_2_7_1_57/11"
"79238","https://images.eap.bl.uk/EAP105/EAP105_2_7_1_57/12.jp2/info.json","EAP105_2_7_1_57/12"
"79239","https://images.eap.bl.uk/EAP105/EAP105_2_7_1_57/13.jp2/info.json","EAP105_2_7_1_57/13"
"79240","https://images.eap.bl.uk/EAP105/EAP105_2_7_1_57/14.jp2/info.json","EAP105_2_7_1_57/14"
"79241","https://images.eap.bl.uk/EAP105/EAP105_2_7_1_57/15.jp2/info.json","EAP105_2_7_1_57/15"
"79242","https://images.eap.bl.uk/EAP105/EAP105_2_7_1_57/16.jp2/info.json","EAP105_2_7_1_57/16"
"79243","https://images.eap.bl.uk/EAP105/EAP105_2_7_1_57/17.jp2/info.json","EAP105_2_7_1_57/17"
"79244","https://images.eap.bl.uk/EAP105/EAP105_2_7_1_57/18.jp2/info.json","EAP105_2_7_1_57/18"
"79245","https://images.eap.bl.uk/EAP105/EAP105_2_7_1_57/19.jp2/info.json","EAP105_2_7_1_57/19"
"79246","https://images.eap.bl.uk/EAP105/EAP105_2_7_1_57/20.jp2/info.json","EAP105_2_7_1_57/20"
"79247","https://images.eap.bl.uk/EAP105/EAP105_2_7_1_57/21.jp2/info.json","EAP105_2_7_1_57/21"
"79248","https://images.eap.bl.uk/EAP105/EAP105_2_7_1_57/22.jp2/info.json","EAP105_2_7_1_57/22"
"79249","https://images.eap.bl.uk/EAP105/EAP105_2_7_1_57/23.jp2/info.json","EAP105_2_7_1_57/23"
"79250","https://images.eap.bl.uk/EAP105/EAP105_2_7_1_57/24.jp2/info.json","EAP105_2_7_1_57/24"
"79251","https://images.eap.bl.uk/EAP105/EAP105_2_7_1_57/25.jp2/info.json","EAP105_2_7_1_57/25"
"79252","https://images.eap.bl.uk/EAP105/EAP105_2_7_1_57/26.jp2/info.json","EAP105_2_7_1_57/26"
"79253","https://images.eap.bl.uk/EAP105/EAP105_2_7_1_57/27.jp2/info.json","EAP105_2_7_1_57/27"
"79254","https://images.eap.bl.uk/EAP105/EAP105_2_7_1_57/28.jp2/info.json","EAP105_2_7_1_57/28"
"79255","https://images.eap.bl.uk/EAP105/EAP105_2_7_1_57/29.jp2/info.json","EAP105_2_7_1_57/29"
"79256","https://images.eap.bl.uk/EAP105/EAP105_2_7_1_57/30.jp2/info.json","EAP105_2_7_1_57/30"
"79257","https://images.eap.bl.uk/EAP105/EAP105_2_7_1_57/31.jp2/info.json","EAP105_2_7_1_57/31"
"79258","https://images.eap.bl.uk/EAP105/EAP105_2_7_1_57/32.jp2/info.json","EAP105_2_7_1_57/32"
"79259","https://images.eap.bl.uk/EAP105/EAP105_2_7_1_57/33.jp2/info.json","EAP105_2_7_1_57/33"
"79260","https://images.eap.bl.uk/EAP105/EAP105_2_7_1_57/34.jp2/info.json","EAP105_2_7_1_57/34"
"80086","https://images.eap.bl.uk/EAP105/EAP105_2_7_1_61/39.jp2/info.json","EAP105_2_7_1_61/39"
"80087","https://images.eap.bl.uk/EAP105/EAP105_2_7_1_61/40.jp2/info.json","EAP105_2_7_1_61/40"
"80088","https://images.eap.bl.uk/EAP105/EAP105_2_7_1_61/41.jp2/info.json","EAP105_2_7_1_61/41"
"80089","https://images.eap.bl.uk/EAP105/EAP105_2_7_1_61/42.jp2/info.json","EAP105_2_7_1_61/42"
"80090","https://images.eap.bl.uk/EAP105/EAP105_2_7_1_61/43.jp2/info.json","EAP105_2_7_1_61/43"
"80091","https://images.eap.bl.uk/EAP105/EAP105_2_7_1_61/44.jp2/info.json","EAP105_2_7_1_61/44"
"80092","https://images.eap.bl.uk/EAP105/EAP105_2_7_1_61/45.jp2/info.json","EAP105_2_7_1_61/45"
"80093","https://images.eap.bl.uk/EAP105/EAP105_2_7_1_61/46.jp2/info.json","EAP105_2_7_1_61/46"
"80094","https://images.eap.bl.uk/EAP105/EAP105_2_7_1_61/47.jp2/info.json","EAP105_2_7_1_61/47"
"80095","https://images.eap.bl.uk/EAP105/EAP105_2_7_1_61/48.jp2/info.json","EAP105_2_7_1_61/48"
"80096","https://images.eap.bl.uk/EAP105/EAP105_2_7_1_61/49.jp2/info.json","EAP105_2_7_1_61/49"
"80097","https://images.eap.bl.uk/EAP105/EAP105_2_7_1_61/50.jp2/info.json","EAP105_2_7_1_61/50"
"80098","https://images.eap.bl.uk/EAP105/EAP105_2_7_1_61/51.jp2/info.json","EAP105_2_7_1_61/51"
"80099","https://images.eap.bl.uk/EAP105/EAP105_2_7_1_61/52.jp2/info.json","EAP105_2_7_1_61/52"
"80100","https://images.eap.bl.uk/EAP105/EAP105_2_7_1_61/53.jp2/info.json","EAP105_2_7_1_61/53"
"80101","https://images.eap.bl.uk/EAP105/EAP105_2_7_1_61/54.jp2/info.json","EAP105_2_7_1_61/54"
"80102","https://images.eap.bl.uk/EAP105/EAP105_2_7_1_61/55.jp2/info.json","EAP105_2_7_1_61/55"
"80103","https://images.eap.bl.uk/EAP105/EAP105_2_7_1_61/56.jp2/info.json","EAP105_2_7_1_61/56"
"80104","https://images.eap.bl.uk/EAP105/EAP105_2_7_1_61/57.jp2/info.json","EAP105_2_7_1_61/57"
"80105","https://images.eap.bl.uk/EAP105/EAP105_2_7_1_61/58.jp2/info.json","EAP105_2_7_1_61/58"
"80106","https://images.eap.bl.uk/EAP105/EAP105_2_7_1_61/59.jp2/info.json","EAP105_2_7_1_61/59"
"80107","https://images.eap.bl.uk/EAP105/EAP105_2_7_1_61/60.jp2/info.json","EAP105_2_7_1_61/60"
"80108","https://images.eap.bl.uk/EAP105/EAP105_2_7_1_61/61.jp2/info.json","EAP105_2_7_1_61/61"
"80109","https://images.eap.bl.uk/EAP105/EAP105_2_7_1_61/62.jp2/info.json","EAP105_2_7_1_61/62"
"80110","https://images.eap.bl.uk/EAP105/EAP105_2_7_1_61/63.jp2/info.json","EAP105_2_7_1_61/63"
"80112","https://images.eap.bl.uk/EAP105/EAP105_2_7_1_61/65.jp2/info.json","EAP105_2_7_1_61/65"
"80571","https://images.eap.bl.uk/EAP105/EAP105_2_7_1_63/50.jp2/info.json","EAP105_2_7_1_63/50"
"80875","https://images.eap.bl.uk/EAP105/EAP105_2_7_1_65/132.jp2/info.json","EAP105_2_7_1_65/132"
"80882","https://images.eap.bl.uk/EAP105/EAP105_2_7_1_65/139.jp2/info.json","EAP105_2_7_1_65/139"
"81250","https://images.eap.bl.uk/EAP105/EAP105_2_7_1_66/161.jp2/info.json","EAP105_2_7_1_66/161"
"81335","https://images.eap.bl.uk/EAP105/EAP105_2_7_1_66/246.jp2/info.json","EAP105_2_7_1_66/246"
"81336","https://images.eap.bl.uk/EAP105/EAP105_2_7_1_66/247.jp2/info.json","EAP105_2_7_1_66/247"
"82738","https://images.eap.bl.uk/EAP105/EAP105_2_7_3_4/83.jp2/info.json","EAP105_2_7_3_4/83"
"83526","https://images.eap.bl.uk/EAP105/EAP105_2_7_3_7/96.jp2/info.json","EAP105_2_7_3_7/96"
"83527","https://images.eap.bl.uk/EAP105/EAP105_2_7_3_7/97.jp2/info.json","EAP105_2_7_3_7/97"
"85447","https://images.eap.bl.uk/EAP105/EAP105_2_7_4_1/26.jp2/info.json","EAP105_2_7_4_1/26"
"85787","https://images.eap.bl.uk/EAP105/EAP105_2_7_4_3/84.jp2/info.json","EAP105_2_7_4_3/84"
"85816","https://images.eap.bl.uk/EAP105/EAP105_2_7_4_3/113.jp2/info.json","EAP105_2_7_4_3/113"
"85847","https://images.eap.bl.uk/EAP105/EAP105_2_7_4_3/144.jp2/info.json","EAP105_2_7_4_3/144"
"85848","https://images.eap.bl.uk/EAP105/EAP105_2_7_4_3/145.jp2/info.json","EAP105_2_7_4_3/145"
"86746","https://images.eap.bl.uk/EAP105/EAP105_2_7_4_10/19.jp2/info.json","EAP105_2_7_4_10/19"
"86747","https://images.eap.bl.uk/EAP105/EAP105_2_7_4_10/20.jp2/info.json","EAP105_2_7_4_10/20"
"86748","https://images.eap.bl.uk/EAP105/EAP105_2_7_4_11/1.jp2/info.json","EAP105_2_7_4_11/1"
"86749","https://images.eap.bl.uk/EAP105/EAP105_2_7_4_11/2.jp2/info.json","EAP105_2_7_4_11/2"
"86750","https://images.eap.bl.uk/EAP105/EAP105_2_7_4_11/3.jp2/info.json","EAP105_2_7_4_11/3"
"86751","https://images.eap.bl.uk/EAP105/EAP105_2_7_4_11/4.jp2/info.json","EAP105_2_7_4_11/4"
"86752","https://images.eap.bl.uk/EAP105/EAP105_2_7_4_11/5.jp2/info.json","EAP105_2_7_4_11/5"
"86753","https://images.eap.bl.uk/EAP105/EAP105_2_7_4_11/6.jp2/info.json","EAP105_2_7_4_11/6"
"86754","https://images.eap.bl.uk/EAP105/EAP105_2_7_4_11/7.jp2/info.json","EAP105_2_7_4_11/7"
"86796","https://images.eap.bl.uk/EAP105/EAP105_2_7_4_12/16.jp2/info.json","EAP105_2_7_4_12/16"
"86949","https://images.eap.bl.uk/EAP105/EAP105_2_7_4_14/52.jp2/info.json","EAP105_2_7_4_14/52"
"86950","https://images.eap.bl.uk/EAP105/EAP105_2_7_4_14/53.jp2/info.json","EAP105_2_7_4_14/53"
"86951","https://images.eap.bl.uk/EAP105/EAP105_2_7_4_14/54.jp2/info.json","EAP105_2_7_4_14/54"
"86952","https://images.eap.bl.uk/EAP105/EAP105_2_7_4_14/55.jp2/info.json","EAP105_2_7_4_14/55"
"86953","https://images.eap.bl.uk/EAP105/EAP105_2_7_4_14/56.jp2/info.json","EAP105_2_7_4_14/56"
"86954","https://images.eap.bl.uk/EAP105/EAP105_2_7_4_14/57.jp2/info.json","EAP105_2_7_4_14/57"
"86955","https://images.eap.bl.uk/EAP105/EAP105_2_7_4_14/58.jp2/info.json","EAP105_2_7_4_14/58"
"86956","https://images.eap.bl.uk/EAP105/EAP105_2_7_4_14/59.jp2/info.json","EAP105_2_7_4_14/59"
"86957","https://images.eap.bl.uk/EAP105/EAP105_2_7_4_14/60.jp2/info.json","EAP105_2_7_4_14/60"
"86958","https://images.eap.bl.uk/EAP105/EAP105_2_7_4_14/61.jp2/info.json","EAP105_2_7_4_14/61"
"86960","https://images.eap.bl.uk/EAP105/EAP105_2_7_4_14/63.jp2/info.json","EAP105_2_7_4_14/63"
"86961","https://images.eap.bl.uk/EAP105/EAP105_2_7_4_14/64.jp2/info.json","EAP105_2_7_4_14/64"
"88313","https://images.eap.bl.uk/EAP105/EAP105_2_7_5_6/329.jp2/info.json","EAP105_2_7_5_6/329"
