"","Image URL","Image Name"
"1","https://images.eap.bl.uk/EAP692/EAP692_1_1_1/1.jp2/info.json","EAP692_1_1_1/1"
"2","https://images.eap.bl.uk/EAP692/EAP692_1_1_2/1.jp2/info.json","EAP692_1_1_2/1"
"3","https://images.eap.bl.uk/EAP692/EAP692_1_1_2/2.jp2/info.json","EAP692_1_1_2/2"
"4","https://images.eap.bl.uk/EAP692/EAP692_1_1_2/3.jp2/info.json","EAP692_1_1_2/3"
"5","https://images.eap.bl.uk/EAP692/EAP692_1_1_2/4.jp2/info.json","EAP692_1_1_2/4"
"6","https://images.eap.bl.uk/EAP692/EAP692_1_1_2/5.jp2/info.json","EAP692_1_1_2/5"
"7","https://images.eap.bl.uk/EAP692/EAP692_1_1_2/6.jp2/info.json","EAP692_1_1_2/6"
"8","https://images.eap.bl.uk/EAP692/EAP692_1_1_2/7.jp2/info.json","EAP692_1_1_2/7"
"9","https://images.eap.bl.uk/EAP692/EAP692_1_1_2/8.jp2/info.json","EAP692_1_1_2/8"
"10","https://images.eap.bl.uk/EAP692/EAP692_1_1_2/9.jp2/info.json","EAP692_1_1_2/9"
"11","https://images.eap.bl.uk/EAP692/EAP692_1_1_2/10.jp2/info.json","EAP692_1_1_2/10"
"12","https://images.eap.bl.uk/EAP692/EAP692_1_1_2/11.jp2/info.json","EAP692_1_1_2/11"
"13","https://images.eap.bl.uk/EAP692/EAP692_1_1_2/12.jp2/info.json","EAP692_1_1_2/12"
"14","https://images.eap.bl.uk/EAP692/EAP692_1_1_2/13.jp2/info.json","EAP692_1_1_2/13"
"15","https://images.eap.bl.uk/EAP692/EAP692_1_1_2/14.jp2/info.json","EAP692_1_1_2/14"
"16","https://images.eap.bl.uk/EAP692/EAP692_1_1_2/15.jp2/info.json","EAP692_1_1_2/15"
"17","https://images.eap.bl.uk/EAP692/EAP692_1_1_2/16.jp2/info.json","EAP692_1_1_2/16"
"18","https://images.eap.bl.uk/EAP692/EAP692_1_1_2/17.jp2/info.json","EAP692_1_1_2/17"
"19","https://images.eap.bl.uk/EAP692/EAP692_1_1_2/18.jp2/info.json","EAP692_1_1_2/18"
"20","https://images.eap.bl.uk/EAP692/EAP692_1_1_2/19.jp2/info.json","EAP692_1_1_2/19"
"21","https://images.eap.bl.uk/EAP692/EAP692_1_1_2/20.jp2/info.json","EAP692_1_1_2/20"
"22","https://images.eap.bl.uk/EAP692/EAP692_1_1_2/21.jp2/info.json","EAP692_1_1_2/21"
"23","https://images.eap.bl.uk/EAP692/EAP692_1_1_2/22.jp2/info.json","EAP692_1_1_2/22"
"24","https://images.eap.bl.uk/EAP692/EAP692_1_1_2/23.jp2/info.json","EAP692_1_1_2/23"
"25","https://images.eap.bl.uk/EAP692/EAP692_1_1_2/24.jp2/info.json","EAP692_1_1_2/24"
"26","https://images.eap.bl.uk/EAP692/EAP692_1_1_2/25.jp2/info.json","EAP692_1_1_2/25"
"27","https://images.eap.bl.uk/EAP692/EAP692_1_1_2/26.jp2/info.json","EAP692_1_1_2/26"
"28","https://images.eap.bl.uk/EAP692/EAP692_1_1_2/27.jp2/info.json","EAP692_1_1_2/27"
"29","https://images.eap.bl.uk/EAP692/EAP692_1_1_2/28.jp2/info.json","EAP692_1_1_2/28"
"30","https://images.eap.bl.uk/EAP692/EAP692_1_1_2/29.jp2/info.json","EAP692_1_1_2/29"
"31","https://images.eap.bl.uk/EAP692/EAP692_1_1_2/30.jp2/info.json","EAP692_1_1_2/30"
"32","https://images.eap.bl.uk/EAP692/EAP692_1_1_2/31.jp2/info.json","EAP692_1_1_2/31"
"33","https://images.eap.bl.uk/EAP692/EAP692_1_1_2/32.jp2/info.json","EAP692_1_1_2/32"
"34","https://images.eap.bl.uk/EAP692/EAP692_1_1_2/33.jp2/info.json","EAP692_1_1_2/33"
"35","https://images.eap.bl.uk/EAP692/EAP692_1_1_2/34.jp2/info.json","EAP692_1_1_2/34"
"36","https://images.eap.bl.uk/EAP692/EAP692_1_1_2/35.jp2/info.json","EAP692_1_1_2/35"
"37","https://images.eap.bl.uk/EAP692/EAP692_1_1_2/36.jp2/info.json","EAP692_1_1_2/36"
"38","https://images.eap.bl.uk/EAP692/EAP692_1_1_2/37.jp2/info.json","EAP692_1_1_2/37"
"39","https://images.eap.bl.uk/EAP692/EAP692_1_1_2/38.jp2/info.json","EAP692_1_1_2/38"
"40","https://images.eap.bl.uk/EAP692/EAP692_1_1_2/39.jp2/info.json","EAP692_1_1_2/39"
"41","https://images.eap.bl.uk/EAP692/EAP692_1_1_2/40.jp2/info.json","EAP692_1_1_2/40"
"42","https://images.eap.bl.uk/EAP692/EAP692_1_1_2/41.jp2/info.json","EAP692_1_1_2/41"
"43","https://images.eap.bl.uk/EAP692/EAP692_1_1_2/42.jp2/info.json","EAP692_1_1_2/42"
"44","https://images.eap.bl.uk/EAP692/EAP692_1_1_2/43.jp2/info.json","EAP692_1_1_2/43"
"45","https://images.eap.bl.uk/EAP692/EAP692_1_1_2/44.jp2/info.json","EAP692_1_1_2/44"
"46","https://images.eap.bl.uk/EAP692/EAP692_1_1_2/45.jp2/info.json","EAP692_1_1_2/45"
"47","https://images.eap.bl.uk/EAP692/EAP692_1_1_3/1.jp2/info.json","EAP692_1_1_3/1"
"48","https://images.eap.bl.uk/EAP692/EAP692_1_1_3/2.jp2/info.json","EAP692_1_1_3/2"
"49","https://images.eap.bl.uk/EAP692/EAP692_1_1_3/3.jp2/info.json","EAP692_1_1_3/3"
"50","https://images.eap.bl.uk/EAP692/EAP692_1_1_3/4.jp2/info.json","EAP692_1_1_3/4"
"51","https://images.eap.bl.uk/EAP692/EAP692_1_1_3/5.jp2/info.json","EAP692_1_1_3/5"
"52","https://images.eap.bl.uk/EAP692/EAP692_1_1_3/6.jp2/info.json","EAP692_1_1_3/6"
"53","https://images.eap.bl.uk/EAP692/EAP692_1_1_3/7.jp2/info.json","EAP692_1_1_3/7"
"54","https://images.eap.bl.uk/EAP692/EAP692_1_1_3/8.jp2/info.json","EAP692_1_1_3/8"
"55","https://images.eap.bl.uk/EAP692/EAP692_1_1_3/9.jp2/info.json","EAP692_1_1_3/9"
"56","https://images.eap.bl.uk/EAP692/EAP692_1_1_3/10.jp2/info.json","EAP692_1_1_3/10"
"57","https://images.eap.bl.uk/EAP692/EAP692_1_1_3/11.jp2/info.json","EAP692_1_1_3/11"
"58","https://images.eap.bl.uk/EAP692/EAP692_1_1_3/12.jp2/info.json","EAP692_1_1_3/12"
"59","https://images.eap.bl.uk/EAP692/EAP692_1_1_3/13.jp2/info.json","EAP692_1_1_3/13"
"60","https://images.eap.bl.uk/EAP692/EAP692_1_1_3/14.jp2/info.json","EAP692_1_1_3/14"
"61","https://images.eap.bl.uk/EAP692/EAP692_1_1_3/15.jp2/info.json","EAP692_1_1_3/15"
"62","https://images.eap.bl.uk/EAP692/EAP692_1_1_3/16.jp2/info.json","EAP692_1_1_3/16"
"63","https://images.eap.bl.uk/EAP692/EAP692_1_1_3/17.jp2/info.json","EAP692_1_1_3/17"
"64","https://images.eap.bl.uk/EAP692/EAP692_1_1_3/18.jp2/info.json","EAP692_1_1_3/18"
"65","https://images.eap.bl.uk/EAP692/EAP692_1_1_3/19.jp2/info.json","EAP692_1_1_3/19"
"66","https://images.eap.bl.uk/EAP692/EAP692_1_1_3/20.jp2/info.json","EAP692_1_1_3/20"
"67","https://images.eap.bl.uk/EAP692/EAP692_1_1_3/21.jp2/info.json","EAP692_1_1_3/21"
"68","https://images.eap.bl.uk/EAP692/EAP692_1_1_3/22.jp2/info.json","EAP692_1_1_3/22"
"69","https://images.eap.bl.uk/EAP692/EAP692_1_1_3/23.jp2/info.json","EAP692_1_1_3/23"
"70","https://images.eap.bl.uk/EAP692/EAP692_1_1_3/24.jp2/info.json","EAP692_1_1_3/24"
"71","https://images.eap.bl.uk/EAP692/EAP692_1_1_3/25.jp2/info.json","EAP692_1_1_3/25"
"72","https://images.eap.bl.uk/EAP692/EAP692_1_1_3/26.jp2/info.json","EAP692_1_1_3/26"
"73","https://images.eap.bl.uk/EAP692/EAP692_1_1_3/27.jp2/info.json","EAP692_1_1_3/27"
"74","https://images.eap.bl.uk/EAP692/EAP692_1_1_3/28.jp2/info.json","EAP692_1_1_3/28"
"75","https://images.eap.bl.uk/EAP692/EAP692_1_1_3/29.jp2/info.json","EAP692_1_1_3/29"
"76","https://images.eap.bl.uk/EAP692/EAP692_1_1_3/30.jp2/info.json","EAP692_1_1_3/30"
"77","https://images.eap.bl.uk/EAP692/EAP692_1_1_3/31.jp2/info.json","EAP692_1_1_3/31"
"78","https://images.eap.bl.uk/EAP692/EAP692_1_1_3/32.jp2/info.json","EAP692_1_1_3/32"
"79","https://images.eap.bl.uk/EAP692/EAP692_1_1_3/33.jp2/info.json","EAP692_1_1_3/33"
"80","https://images.eap.bl.uk/EAP692/EAP692_1_1_3/34.jp2/info.json","EAP692_1_1_3/34"
"81","https://images.eap.bl.uk/EAP692/EAP692_1_1_3/35.jp2/info.json","EAP692_1_1_3/35"
"82","https://images.eap.bl.uk/EAP692/EAP692_1_1_3/36.jp2/info.json","EAP692_1_1_3/36"
"83","https://images.eap.bl.uk/EAP692/EAP692_1_1_3/37.jp2/info.json","EAP692_1_1_3/37"
"84","https://images.eap.bl.uk/EAP692/EAP692_1_1_3/38.jp2/info.json","EAP692_1_1_3/38"
"85","https://images.eap.bl.uk/EAP692/EAP692_1_1_3/39.jp2/info.json","EAP692_1_1_3/39"
"86","https://images.eap.bl.uk/EAP692/EAP692_1_1_3/40.jp2/info.json","EAP692_1_1_3/40"
"87","https://images.eap.bl.uk/EAP692/EAP692_1_1_3/41.jp2/info.json","EAP692_1_1_3/41"
"88","https://images.eap.bl.uk/EAP692/EAP692_1_1_3/42.jp2/info.json","EAP692_1_1_3/42"
"89","https://images.eap.bl.uk/EAP692/EAP692_1_1_3/43.jp2/info.json","EAP692_1_1_3/43"
"90","https://images.eap.bl.uk/EAP692/EAP692_1_1_3/44.jp2/info.json","EAP692_1_1_3/44"
"91","https://images.eap.bl.uk/EAP692/EAP692_1_1_3/45.jp2/info.json","EAP692_1_1_3/45"
"92","https://images.eap.bl.uk/EAP692/EAP692_1_1_3/46.jp2/info.json","EAP692_1_1_3/46"
"93","https://images.eap.bl.uk/EAP692/EAP692_1_1_3/47.jp2/info.json","EAP692_1_1_3/47"
"94","https://images.eap.bl.uk/EAP692/EAP692_1_1_3/48.jp2/info.json","EAP692_1_1_3/48"
"95","https://images.eap.bl.uk/EAP692/EAP692_1_1_4/1.jp2/info.json","EAP692_1_1_4/1"
"96","https://images.eap.bl.uk/EAP692/EAP692_1_1_4/2.jp2/info.json","EAP692_1_1_4/2"
"97","https://images.eap.bl.uk/EAP692/EAP692_1_1_4/3.jp2/info.json","EAP692_1_1_4/3"
"98","https://images.eap.bl.uk/EAP692/EAP692_1_1_4/4.jp2/info.json","EAP692_1_1_4/4"
"99","https://images.eap.bl.uk/EAP692/EAP692_1_1_4/5.jp2/info.json","EAP692_1_1_4/5"
"100","https://images.eap.bl.uk/EAP692/EAP692_1_1_4/6.jp2/info.json","EAP692_1_1_4/6"
"101","https://images.eap.bl.uk/EAP692/EAP692_1_1_4/7.jp2/info.json","EAP692_1_1_4/7"
"102","https://images.eap.bl.uk/EAP692/EAP692_1_1_4/8.jp2/info.json","EAP692_1_1_4/8"
"103","https://images.eap.bl.uk/EAP692/EAP692_1_1_4/9.jp2/info.json","EAP692_1_1_4/9"
"104","https://images.eap.bl.uk/EAP692/EAP692_1_1_4/10.jp2/info.json","EAP692_1_1_4/10"
"105","https://images.eap.bl.uk/EAP692/EAP692_1_1_4/11.jp2/info.json","EAP692_1_1_4/11"
"106","https://images.eap.bl.uk/EAP692/EAP692_1_1_4/12.jp2/info.json","EAP692_1_1_4/12"
"107","https://images.eap.bl.uk/EAP692/EAP692_1_1_4/13.jp2/info.json","EAP692_1_1_4/13"
"108","https://images.eap.bl.uk/EAP692/EAP692_1_1_4/14.jp2/info.json","EAP692_1_1_4/14"
"109","https://images.eap.bl.uk/EAP692/EAP692_1_1_4/15.jp2/info.json","EAP692_1_1_4/15"
"110","https://images.eap.bl.uk/EAP692/EAP692_1_1_4/16.jp2/info.json","EAP692_1_1_4/16"
"111","https://images.eap.bl.uk/EAP692/EAP692_1_1_4/17.jp2/info.json","EAP692_1_1_4/17"
"112","https://images.eap.bl.uk/EAP692/EAP692_1_1_4/18.jp2/info.json","EAP692_1_1_4/18"
"113","https://images.eap.bl.uk/EAP692/EAP692_1_1_4/19.jp2/info.json","EAP692_1_1_4/19"
"114","https://images.eap.bl.uk/EAP692/EAP692_1_1_4/20.jp2/info.json","EAP692_1_1_4/20"
"115","https://images.eap.bl.uk/EAP692/EAP692_1_1_4/21.jp2/info.json","EAP692_1_1_4/21"
"116","https://images.eap.bl.uk/EAP692/EAP692_1_1_4/22.jp2/info.json","EAP692_1_1_4/22"
"117","https://images.eap.bl.uk/EAP692/EAP692_1_1_4/23.jp2/info.json","EAP692_1_1_4/23"
"118","https://images.eap.bl.uk/EAP692/EAP692_1_1_4/24.jp2/info.json","EAP692_1_1_4/24"
"119","https://images.eap.bl.uk/EAP692/EAP692_1_1_4/25.jp2/info.json","EAP692_1_1_4/25"
"120","https://images.eap.bl.uk/EAP692/EAP692_1_1_4/26.jp2/info.json","EAP692_1_1_4/26"
"121","https://images.eap.bl.uk/EAP692/EAP692_1_1_4/27.jp2/info.json","EAP692_1_1_4/27"
"122","https://images.eap.bl.uk/EAP692/EAP692_1_1_4/28.jp2/info.json","EAP692_1_1_4/28"
"123","https://images.eap.bl.uk/EAP692/EAP692_1_1_4/29.jp2/info.json","EAP692_1_1_4/29"
"124","https://images.eap.bl.uk/EAP692/EAP692_1_1_4/30.jp2/info.json","EAP692_1_1_4/30"
"125","https://images.eap.bl.uk/EAP692/EAP692_1_1_4/31.jp2/info.json","EAP692_1_1_4/31"
"126","https://images.eap.bl.uk/EAP692/EAP692_1_1_4/32.jp2/info.json","EAP692_1_1_4/32"
"127","https://images.eap.bl.uk/EAP692/EAP692_1_1_4/33.jp2/info.json","EAP692_1_1_4/33"
"128","https://images.eap.bl.uk/EAP692/EAP692_1_1_4/34.jp2/info.json","EAP692_1_1_4/34"
"129","https://images.eap.bl.uk/EAP692/EAP692_1_1_4/35.jp2/info.json","EAP692_1_1_4/35"
"130","https://images.eap.bl.uk/EAP692/EAP692_1_1_4/36.jp2/info.json","EAP692_1_1_4/36"
"131","https://images.eap.bl.uk/EAP692/EAP692_1_1_5/1.jp2/info.json","EAP692_1_1_5/1"
"132","https://images.eap.bl.uk/EAP692/EAP692_1_1_5/2.jp2/info.json","EAP692_1_1_5/2"
"133","https://images.eap.bl.uk/EAP692/EAP692_1_1_5/3.jp2/info.json","EAP692_1_1_5/3"
"134","https://images.eap.bl.uk/EAP692/EAP692_1_1_5/4.jp2/info.json","EAP692_1_1_5/4"
"135","https://images.eap.bl.uk/EAP692/EAP692_1_1_5/5.jp2/info.json","EAP692_1_1_5/5"
"136","https://images.eap.bl.uk/EAP692/EAP692_1_1_5/6.jp2/info.json","EAP692_1_1_5/6"
"137","https://images.eap.bl.uk/EAP692/EAP692_1_1_5/7.jp2/info.json","EAP692_1_1_5/7"
"138","https://images.eap.bl.uk/EAP692/EAP692_1_1_5/8.jp2/info.json","EAP692_1_1_5/8"
"139","https://images.eap.bl.uk/EAP692/EAP692_1_1_5/9.jp2/info.json","EAP692_1_1_5/9"
"140","https://images.eap.bl.uk/EAP692/EAP692_1_1_5/10.jp2/info.json","EAP692_1_1_5/10"
"141","https://images.eap.bl.uk/EAP692/EAP692_1_1_5/11.jp2/info.json","EAP692_1_1_5/11"
"142","https://images.eap.bl.uk/EAP692/EAP692_1_1_5/12.jp2/info.json","EAP692_1_1_5/12"
"143","https://images.eap.bl.uk/EAP692/EAP692_1_1_5/13.jp2/info.json","EAP692_1_1_5/13"
"144","https://images.eap.bl.uk/EAP692/EAP692_1_1_5/14.jp2/info.json","EAP692_1_1_5/14"
"145","https://images.eap.bl.uk/EAP692/EAP692_1_1_5/15.jp2/info.json","EAP692_1_1_5/15"
"146","https://images.eap.bl.uk/EAP692/EAP692_1_1_5/16.jp2/info.json","EAP692_1_1_5/16"
"147","https://images.eap.bl.uk/EAP692/EAP692_1_1_5/17.jp2/info.json","EAP692_1_1_5/17"
"148","https://images.eap.bl.uk/EAP692/EAP692_1_1_5/18.jp2/info.json","EAP692_1_1_5/18"
"149","https://images.eap.bl.uk/EAP692/EAP692_1_1_5/19.jp2/info.json","EAP692_1_1_5/19"
"150","https://images.eap.bl.uk/EAP692/EAP692_1_1_5/20.jp2/info.json","EAP692_1_1_5/20"
"151","https://images.eap.bl.uk/EAP692/EAP692_1_1_5/21.jp2/info.json","EAP692_1_1_5/21"
"152","https://images.eap.bl.uk/EAP692/EAP692_1_1_5/22.jp2/info.json","EAP692_1_1_5/22"
"153","https://images.eap.bl.uk/EAP692/EAP692_1_1_5/23.jp2/info.json","EAP692_1_1_5/23"
"154","https://images.eap.bl.uk/EAP692/EAP692_1_1_5/24.jp2/info.json","EAP692_1_1_5/24"
"155","https://images.eap.bl.uk/EAP692/EAP692_1_1_5/25.jp2/info.json","EAP692_1_1_5/25"
"156","https://images.eap.bl.uk/EAP692/EAP692_1_1_5/26.jp2/info.json","EAP692_1_1_5/26"
"157","https://images.eap.bl.uk/EAP692/EAP692_1_1_5/27.jp2/info.json","EAP692_1_1_5/27"
"158","https://images.eap.bl.uk/EAP692/EAP692_1_1_5/28.jp2/info.json","EAP692_1_1_5/28"
"159","https://images.eap.bl.uk/EAP692/EAP692_1_1_5/29.jp2/info.json","EAP692_1_1_5/29"
"160","https://images.eap.bl.uk/EAP692/EAP692_1_1_5/30.jp2/info.json","EAP692_1_1_5/30"
"161","https://images.eap.bl.uk/EAP692/EAP692_1_1_5/31.jp2/info.json","EAP692_1_1_5/31"
"162","https://images.eap.bl.uk/EAP692/EAP692_1_1_5/32.jp2/info.json","EAP692_1_1_5/32"
"163","https://images.eap.bl.uk/EAP692/EAP692_1_1_5/33.jp2/info.json","EAP692_1_1_5/33"
"164","https://images.eap.bl.uk/EAP692/EAP692_1_1_5/34.jp2/info.json","EAP692_1_1_5/34"
"165","https://images.eap.bl.uk/EAP692/EAP692_1_1_5/35.jp2/info.json","EAP692_1_1_5/35"
"166","https://images.eap.bl.uk/EAP692/EAP692_1_1_5/36.jp2/info.json","EAP692_1_1_5/36"
"167","https://images.eap.bl.uk/EAP692/EAP692_1_1_5/37.jp2/info.json","EAP692_1_1_5/37"
"168","https://images.eap.bl.uk/EAP692/EAP692_1_1_5/38.jp2/info.json","EAP692_1_1_5/38"
"169","https://images.eap.bl.uk/EAP692/EAP692_1_1_5/39.jp2/info.json","EAP692_1_1_5/39"
"170","https://images.eap.bl.uk/EAP692/EAP692_1_1_5/40.jp2/info.json","EAP692_1_1_5/40"
"171","https://images.eap.bl.uk/EAP692/EAP692_1_1_5/41.jp2/info.json","EAP692_1_1_5/41"
"172","https://images.eap.bl.uk/EAP692/EAP692_1_1_5/42.jp2/info.json","EAP692_1_1_5/42"
"173","https://images.eap.bl.uk/EAP692/EAP692_1_2_1/1.jp2/info.json","EAP692_1_2_1/1"
"174","https://images.eap.bl.uk/EAP692/EAP692_1_2_1/2.jp2/info.json","EAP692_1_2_1/2"
"175","https://images.eap.bl.uk/EAP692/EAP692_1_2_1/3.jp2/info.json","EAP692_1_2_1/3"
"176","https://images.eap.bl.uk/EAP692/EAP692_1_2_1/4.jp2/info.json","EAP692_1_2_1/4"
"177","https://images.eap.bl.uk/EAP692/EAP692_1_2_1/5.jp2/info.json","EAP692_1_2_1/5"
"178","https://images.eap.bl.uk/EAP692/EAP692_1_2_1/6.jp2/info.json","EAP692_1_2_1/6"
"179","https://images.eap.bl.uk/EAP692/EAP692_1_2_1/7.jp2/info.json","EAP692_1_2_1/7"
"180","https://images.eap.bl.uk/EAP692/EAP692_1_2_1/8.jp2/info.json","EAP692_1_2_1/8"
"181","https://images.eap.bl.uk/EAP692/EAP692_1_2_1/9.jp2/info.json","EAP692_1_2_1/9"
"182","https://images.eap.bl.uk/EAP692/EAP692_1_2_1/10.jp2/info.json","EAP692_1_2_1/10"
"183","https://images.eap.bl.uk/EAP692/EAP692_1_2_1/11.jp2/info.json","EAP692_1_2_1/11"
"184","https://images.eap.bl.uk/EAP692/EAP692_1_2_1/12.jp2/info.json","EAP692_1_2_1/12"
"185","https://images.eap.bl.uk/EAP692/EAP692_1_2_1/13.jp2/info.json","EAP692_1_2_1/13"
"186","https://images.eap.bl.uk/EAP692/EAP692_1_2_1/14.jp2/info.json","EAP692_1_2_1/14"
"187","https://images.eap.bl.uk/EAP692/EAP692_1_2_1/15.jp2/info.json","EAP692_1_2_1/15"
"188","https://images.eap.bl.uk/EAP692/EAP692_1_2_1/16.jp2/info.json","EAP692_1_2_1/16"
"189","https://images.eap.bl.uk/EAP692/EAP692_1_2_1/17.jp2/info.json","EAP692_1_2_1/17"
"190","https://images.eap.bl.uk/EAP692/EAP692_1_2_1/18.jp2/info.json","EAP692_1_2_1/18"
"191","https://images.eap.bl.uk/EAP692/EAP692_1_2_1/19.jp2/info.json","EAP692_1_2_1/19"
"192","https://images.eap.bl.uk/EAP692/EAP692_1_2_1/20.jp2/info.json","EAP692_1_2_1/20"
"193","https://images.eap.bl.uk/EAP692/EAP692_1_2_1/21.jp2/info.json","EAP692_1_2_1/21"
"194","https://images.eap.bl.uk/EAP692/EAP692_1_2_1/22.jp2/info.json","EAP692_1_2_1/22"
"195","https://images.eap.bl.uk/EAP692/EAP692_1_2_1/23.jp2/info.json","EAP692_1_2_1/23"
"196","https://images.eap.bl.uk/EAP692/EAP692_1_2_1/24.jp2/info.json","EAP692_1_2_1/24"
"197","https://images.eap.bl.uk/EAP692/EAP692_1_2_1/25.jp2/info.json","EAP692_1_2_1/25"
"198","https://images.eap.bl.uk/EAP692/EAP692_1_2_1/26.jp2/info.json","EAP692_1_2_1/26"
"199","https://images.eap.bl.uk/EAP692/EAP692_1_2_1/27.jp2/info.json","EAP692_1_2_1/27"
"200","https://images.eap.bl.uk/EAP692/EAP692_1_2_1/28.jp2/info.json","EAP692_1_2_1/28"
"201","https://images.eap.bl.uk/EAP692/EAP692_1_2_1/29.jp2/info.json","EAP692_1_2_1/29"
"202","https://images.eap.bl.uk/EAP692/EAP692_1_2_1/30.jp2/info.json","EAP692_1_2_1/30"
"203","https://images.eap.bl.uk/EAP692/EAP692_1_2_1/31.jp2/info.json","EAP692_1_2_1/31"
"204","https://images.eap.bl.uk/EAP692/EAP692_1_2_1/32.jp2/info.json","EAP692_1_2_1/32"
"205","https://images.eap.bl.uk/EAP692/EAP692_1_2_1/33.jp2/info.json","EAP692_1_2_1/33"
"206","https://images.eap.bl.uk/EAP692/EAP692_1_2_1/34.jp2/info.json","EAP692_1_2_1/34"
"207","https://images.eap.bl.uk/EAP692/EAP692_1_2_1/35.jp2/info.json","EAP692_1_2_1/35"
"208","https://images.eap.bl.uk/EAP692/EAP692_1_2_1/36.jp2/info.json","EAP692_1_2_1/36"
"209","https://images.eap.bl.uk/EAP692/EAP692_1_2_1/37.jp2/info.json","EAP692_1_2_1/37"
"210","https://images.eap.bl.uk/EAP692/EAP692_1_2_1/38.jp2/info.json","EAP692_1_2_1/38"
"211","https://images.eap.bl.uk/EAP692/EAP692_1_2_1/39.jp2/info.json","EAP692_1_2_1/39"
"212","https://images.eap.bl.uk/EAP692/EAP692_1_2_1/40.jp2/info.json","EAP692_1_2_1/40"
"213","https://images.eap.bl.uk/EAP692/EAP692_1_2_1/41.jp2/info.json","EAP692_1_2_1/41"
"214","https://images.eap.bl.uk/EAP692/EAP692_1_2_1/42.jp2/info.json","EAP692_1_2_1/42"
"215","https://images.eap.bl.uk/EAP692/EAP692_1_2_2/1.jp2/info.json","EAP692_1_2_2/1"
"216","https://images.eap.bl.uk/EAP692/EAP692_1_2_2/2.jp2/info.json","EAP692_1_2_2/2"
"217","https://images.eap.bl.uk/EAP692/EAP692_1_2_2/3.jp2/info.json","EAP692_1_2_2/3"
"218","https://images.eap.bl.uk/EAP692/EAP692_1_2_2/4.jp2/info.json","EAP692_1_2_2/4"
"219","https://images.eap.bl.uk/EAP692/EAP692_1_2_2/5.jp2/info.json","EAP692_1_2_2/5"
"220","https://images.eap.bl.uk/EAP692/EAP692_1_2_2/6.jp2/info.json","EAP692_1_2_2/6"
"221","https://images.eap.bl.uk/EAP692/EAP692_1_2_2/7.jp2/info.json","EAP692_1_2_2/7"
"222","https://images.eap.bl.uk/EAP692/EAP692_1_2_2/8.jp2/info.json","EAP692_1_2_2/8"
"223","https://images.eap.bl.uk/EAP692/EAP692_1_2_2/9.jp2/info.json","EAP692_1_2_2/9"
"224","https://images.eap.bl.uk/EAP692/EAP692_1_2_2/10.jp2/info.json","EAP692_1_2_2/10"
"225","https://images.eap.bl.uk/EAP692/EAP692_1_2_2/11.jp2/info.json","EAP692_1_2_2/11"
"226","https://images.eap.bl.uk/EAP692/EAP692_1_2_2/12.jp2/info.json","EAP692_1_2_2/12"
"227","https://images.eap.bl.uk/EAP692/EAP692_1_2_2/13.jp2/info.json","EAP692_1_2_2/13"
"228","https://images.eap.bl.uk/EAP692/EAP692_1_2_2/14.jp2/info.json","EAP692_1_2_2/14"
"229","https://images.eap.bl.uk/EAP692/EAP692_1_2_2/15.jp2/info.json","EAP692_1_2_2/15"
"230","https://images.eap.bl.uk/EAP692/EAP692_1_2_2/16.jp2/info.json","EAP692_1_2_2/16"
"231","https://images.eap.bl.uk/EAP692/EAP692_1_2_2/17.jp2/info.json","EAP692_1_2_2/17"
"232","https://images.eap.bl.uk/EAP692/EAP692_1_2_2/18.jp2/info.json","EAP692_1_2_2/18"
"233","https://images.eap.bl.uk/EAP692/EAP692_1_2_2/19.jp2/info.json","EAP692_1_2_2/19"
"234","https://images.eap.bl.uk/EAP692/EAP692_1_2_2/20.jp2/info.json","EAP692_1_2_2/20"
"235","https://images.eap.bl.uk/EAP692/EAP692_1_2_2/21.jp2/info.json","EAP692_1_2_2/21"
"236","https://images.eap.bl.uk/EAP692/EAP692_1_2_2/22.jp2/info.json","EAP692_1_2_2/22"
"237","https://images.eap.bl.uk/EAP692/EAP692_1_2_2/23.jp2/info.json","EAP692_1_2_2/23"
"238","https://images.eap.bl.uk/EAP692/EAP692_1_2_2/24.jp2/info.json","EAP692_1_2_2/24"
"239","https://images.eap.bl.uk/EAP692/EAP692_1_2_2/25.jp2/info.json","EAP692_1_2_2/25"
"240","https://images.eap.bl.uk/EAP692/EAP692_1_2_2/26.jp2/info.json","EAP692_1_2_2/26"
"241","https://images.eap.bl.uk/EAP692/EAP692_1_2_2/27.jp2/info.json","EAP692_1_2_2/27"
"242","https://images.eap.bl.uk/EAP692/EAP692_1_2_2/28.jp2/info.json","EAP692_1_2_2/28"
"243","https://images.eap.bl.uk/EAP692/EAP692_1_2_2/29.jp2/info.json","EAP692_1_2_2/29"
"244","https://images.eap.bl.uk/EAP692/EAP692_1_2_2/30.jp2/info.json","EAP692_1_2_2/30"
"245","https://images.eap.bl.uk/EAP692/EAP692_1_2_2/31.jp2/info.json","EAP692_1_2_2/31"
"246","https://images.eap.bl.uk/EAP692/EAP692_1_2_2/32.jp2/info.json","EAP692_1_2_2/32"
"247","https://images.eap.bl.uk/EAP692/EAP692_1_2_2/33.jp2/info.json","EAP692_1_2_2/33"
"248","https://images.eap.bl.uk/EAP692/EAP692_1_2_2/34.jp2/info.json","EAP692_1_2_2/34"
"249","https://images.eap.bl.uk/EAP692/EAP692_1_2_2/35.jp2/info.json","EAP692_1_2_2/35"
"250","https://images.eap.bl.uk/EAP692/EAP692_1_2_2/36.jp2/info.json","EAP692_1_2_2/36"
"251","https://images.eap.bl.uk/EAP692/EAP692_1_2_2/37.jp2/info.json","EAP692_1_2_2/37"
"252","https://images.eap.bl.uk/EAP692/EAP692_1_2_2/38.jp2/info.json","EAP692_1_2_2/38"
"253","https://images.eap.bl.uk/EAP692/EAP692_1_2_2/39.jp2/info.json","EAP692_1_2_2/39"
"254","https://images.eap.bl.uk/EAP692/EAP692_1_2_2/40.jp2/info.json","EAP692_1_2_2/40"
"255","https://images.eap.bl.uk/EAP692/EAP692_1_2_2/41.jp2/info.json","EAP692_1_2_2/41"
"256","https://images.eap.bl.uk/EAP692/EAP692_1_2_2/42.jp2/info.json","EAP692_1_2_2/42"
"257","https://images.eap.bl.uk/EAP692/EAP692_1_2_2/43.jp2/info.json","EAP692_1_2_2/43"
"258","https://images.eap.bl.uk/EAP692/EAP692_1_2_2/44.jp2/info.json","EAP692_1_2_2/44"
"259","https://images.eap.bl.uk/EAP692/EAP692_1_2_2/45.jp2/info.json","EAP692_1_2_2/45"
"260","https://images.eap.bl.uk/EAP692/EAP692_1_2_2/46.jp2/info.json","EAP692_1_2_2/46"
"261","https://images.eap.bl.uk/EAP692/EAP692_1_2_2/47.jp2/info.json","EAP692_1_2_2/47"
"262","https://images.eap.bl.uk/EAP692/EAP692_1_2_2/48.jp2/info.json","EAP692_1_2_2/48"
"263","https://images.eap.bl.uk/EAP692/EAP692_1_2_2/49.jp2/info.json","EAP692_1_2_2/49"
"264","https://images.eap.bl.uk/EAP692/EAP692_1_2_3/1.jp2/info.json","EAP692_1_2_3/1"
"265","https://images.eap.bl.uk/EAP692/EAP692_1_2_3/2.jp2/info.json","EAP692_1_2_3/2"
"266","https://images.eap.bl.uk/EAP692/EAP692_1_2_3/3.jp2/info.json","EAP692_1_2_3/3"
"267","https://images.eap.bl.uk/EAP692/EAP692_1_2_3/4.jp2/info.json","EAP692_1_2_3/4"
"268","https://images.eap.bl.uk/EAP692/EAP692_1_2_3/5.jp2/info.json","EAP692_1_2_3/5"
"269","https://images.eap.bl.uk/EAP692/EAP692_1_2_3/6.jp2/info.json","EAP692_1_2_3/6"
"270","https://images.eap.bl.uk/EAP692/EAP692_1_2_3/7.jp2/info.json","EAP692_1_2_3/7"
"271","https://images.eap.bl.uk/EAP692/EAP692_1_2_3/8.jp2/info.json","EAP692_1_2_3/8"
"272","https://images.eap.bl.uk/EAP692/EAP692_1_2_3/9.jp2/info.json","EAP692_1_2_3/9"
"273","https://images.eap.bl.uk/EAP692/EAP692_1_2_3/10.jp2/info.json","EAP692_1_2_3/10"
"274","https://images.eap.bl.uk/EAP692/EAP692_1_2_3/11.jp2/info.json","EAP692_1_2_3/11"
"275","https://images.eap.bl.uk/EAP692/EAP692_1_2_3/12.jp2/info.json","EAP692_1_2_3/12"
"276","https://images.eap.bl.uk/EAP692/EAP692_1_2_3/13.jp2/info.json","EAP692_1_2_3/13"
"277","https://images.eap.bl.uk/EAP692/EAP692_1_2_3/14.jp2/info.json","EAP692_1_2_3/14"
"278","https://images.eap.bl.uk/EAP692/EAP692_1_2_3/15.jp2/info.json","EAP692_1_2_3/15"
"279","https://images.eap.bl.uk/EAP692/EAP692_1_2_3/16.jp2/info.json","EAP692_1_2_3/16"
"280","https://images.eap.bl.uk/EAP692/EAP692_1_2_3/17.jp2/info.json","EAP692_1_2_3/17"
"281","https://images.eap.bl.uk/EAP692/EAP692_1_2_3/18.jp2/info.json","EAP692_1_2_3/18"
"282","https://images.eap.bl.uk/EAP692/EAP692_1_2_3/19.jp2/info.json","EAP692_1_2_3/19"
"283","https://images.eap.bl.uk/EAP692/EAP692_1_2_3/20.jp2/info.json","EAP692_1_2_3/20"
"284","https://images.eap.bl.uk/EAP692/EAP692_1_2_3/21.jp2/info.json","EAP692_1_2_3/21"
"285","https://images.eap.bl.uk/EAP692/EAP692_1_2_3/22.jp2/info.json","EAP692_1_2_3/22"
"286","https://images.eap.bl.uk/EAP692/EAP692_1_2_3/23.jp2/info.json","EAP692_1_2_3/23"
"287","https://images.eap.bl.uk/EAP692/EAP692_1_2_3/24.jp2/info.json","EAP692_1_2_3/24"
"288","https://images.eap.bl.uk/EAP692/EAP692_1_2_3/25.jp2/info.json","EAP692_1_2_3/25"
"289","https://images.eap.bl.uk/EAP692/EAP692_1_2_3/26.jp2/info.json","EAP692_1_2_3/26"
"290","https://images.eap.bl.uk/EAP692/EAP692_1_2_3/27.jp2/info.json","EAP692_1_2_3/27"
"291","https://images.eap.bl.uk/EAP692/EAP692_1_2_3/28.jp2/info.json","EAP692_1_2_3/28"
"292","https://images.eap.bl.uk/EAP692/EAP692_1_2_3/29.jp2/info.json","EAP692_1_2_3/29"
"293","https://images.eap.bl.uk/EAP692/EAP692_1_2_3/30.jp2/info.json","EAP692_1_2_3/30"
"294","https://images.eap.bl.uk/EAP692/EAP692_1_2_3/31.jp2/info.json","EAP692_1_2_3/31"
"295","https://images.eap.bl.uk/EAP692/EAP692_1_2_3/32.jp2/info.json","EAP692_1_2_3/32"
"296","https://images.eap.bl.uk/EAP692/EAP692_1_2_3/33.jp2/info.json","EAP692_1_2_3/33"
"297","https://images.eap.bl.uk/EAP692/EAP692_1_2_3/34.jp2/info.json","EAP692_1_2_3/34"
"298","https://images.eap.bl.uk/EAP692/EAP692_1_2_3/35.jp2/info.json","EAP692_1_2_3/35"
"299","https://images.eap.bl.uk/EAP692/EAP692_1_2_3/36.jp2/info.json","EAP692_1_2_3/36"
"300","https://images.eap.bl.uk/EAP692/EAP692_1_2_3/37.jp2/info.json","EAP692_1_2_3/37"
"301","https://images.eap.bl.uk/EAP692/EAP692_1_2_3/38.jp2/info.json","EAP692_1_2_3/38"
"302","https://images.eap.bl.uk/EAP692/EAP692_1_2_3/39.jp2/info.json","EAP692_1_2_3/39"
"303","https://images.eap.bl.uk/EAP692/EAP692_1_2_3/40.jp2/info.json","EAP692_1_2_3/40"
"304","https://images.eap.bl.uk/EAP692/EAP692_1_2_3/41.jp2/info.json","EAP692_1_2_3/41"
"305","https://images.eap.bl.uk/EAP692/EAP692_1_2_3/42.jp2/info.json","EAP692_1_2_3/42"
"306","https://images.eap.bl.uk/EAP692/EAP692_1_2_3/43.jp2/info.json","EAP692_1_2_3/43"
"307","https://images.eap.bl.uk/EAP692/EAP692_1_2_3/44.jp2/info.json","EAP692_1_2_3/44"
"308","https://images.eap.bl.uk/EAP692/EAP692_1_2_3/45.jp2/info.json","EAP692_1_2_3/45"
"309","https://images.eap.bl.uk/EAP692/EAP692_1_2_3/46.jp2/info.json","EAP692_1_2_3/46"
"310","https://images.eap.bl.uk/EAP692/EAP692_1_2_3/47.jp2/info.json","EAP692_1_2_3/47"
"311","https://images.eap.bl.uk/EAP692/EAP692_1_2_3/48.jp2/info.json","EAP692_1_2_3/48"
"312","https://images.eap.bl.uk/EAP692/EAP692_1_2_3/49.jp2/info.json","EAP692_1_2_3/49"
"313","https://images.eap.bl.uk/EAP692/EAP692_1_2_3/50.jp2/info.json","EAP692_1_2_3/50"
"314","https://images.eap.bl.uk/EAP692/EAP692_1_2_3/51.jp2/info.json","EAP692_1_2_3/51"
"315","https://images.eap.bl.uk/EAP692/EAP692_1_2_3/52.jp2/info.json","EAP692_1_2_3/52"
"316","https://images.eap.bl.uk/EAP692/EAP692_1_2_3/53.jp2/info.json","EAP692_1_2_3/53"
"317","https://images.eap.bl.uk/EAP692/EAP692_1_2_3/54.jp2/info.json","EAP692_1_2_3/54"
"318","https://images.eap.bl.uk/EAP692/EAP692_1_2_3/55.jp2/info.json","EAP692_1_2_3/55"
"319","https://images.eap.bl.uk/EAP692/EAP692_1_2_4/1.jp2/info.json","EAP692_1_2_4/1"
"320","https://images.eap.bl.uk/EAP692/EAP692_1_2_4/2.jp2/info.json","EAP692_1_2_4/2"
"321","https://images.eap.bl.uk/EAP692/EAP692_1_2_4/3.jp2/info.json","EAP692_1_2_4/3"
"322","https://images.eap.bl.uk/EAP692/EAP692_1_2_4/4.jp2/info.json","EAP692_1_2_4/4"
"323","https://images.eap.bl.uk/EAP692/EAP692_1_2_4/5.jp2/info.json","EAP692_1_2_4/5"
"324","https://images.eap.bl.uk/EAP692/EAP692_1_2_4/6.jp2/info.json","EAP692_1_2_4/6"
"325","https://images.eap.bl.uk/EAP692/EAP692_1_2_4/7.jp2/info.json","EAP692_1_2_4/7"
"326","https://images.eap.bl.uk/EAP692/EAP692_1_2_4/8.jp2/info.json","EAP692_1_2_4/8"
"327","https://images.eap.bl.uk/EAP692/EAP692_1_2_4/9.jp2/info.json","EAP692_1_2_4/9"
"328","https://images.eap.bl.uk/EAP692/EAP692_1_2_4/10.jp2/info.json","EAP692_1_2_4/10"
"329","https://images.eap.bl.uk/EAP692/EAP692_1_2_4/11.jp2/info.json","EAP692_1_2_4/11"
"330","https://images.eap.bl.uk/EAP692/EAP692_1_2_4/12.jp2/info.json","EAP692_1_2_4/12"
"331","https://images.eap.bl.uk/EAP692/EAP692_1_2_4/13.jp2/info.json","EAP692_1_2_4/13"
"332","https://images.eap.bl.uk/EAP692/EAP692_1_2_4/14.jp2/info.json","EAP692_1_2_4/14"
"333","https://images.eap.bl.uk/EAP692/EAP692_1_2_4/15.jp2/info.json","EAP692_1_2_4/15"
"334","https://images.eap.bl.uk/EAP692/EAP692_1_2_4/16.jp2/info.json","EAP692_1_2_4/16"
"335","https://images.eap.bl.uk/EAP692/EAP692_1_2_4/17.jp2/info.json","EAP692_1_2_4/17"
"336","https://images.eap.bl.uk/EAP692/EAP692_1_2_4/18.jp2/info.json","EAP692_1_2_4/18"
"337","https://images.eap.bl.uk/EAP692/EAP692_1_2_4/19.jp2/info.json","EAP692_1_2_4/19"
"338","https://images.eap.bl.uk/EAP692/EAP692_1_2_4/20.jp2/info.json","EAP692_1_2_4/20"
"339","https://images.eap.bl.uk/EAP692/EAP692_1_2_4/21.jp2/info.json","EAP692_1_2_4/21"
"340","https://images.eap.bl.uk/EAP692/EAP692_1_2_4/22.jp2/info.json","EAP692_1_2_4/22"
"341","https://images.eap.bl.uk/EAP692/EAP692_1_2_4/23.jp2/info.json","EAP692_1_2_4/23"
"342","https://images.eap.bl.uk/EAP692/EAP692_1_2_4/24.jp2/info.json","EAP692_1_2_4/24"
"343","https://images.eap.bl.uk/EAP692/EAP692_1_2_4/25.jp2/info.json","EAP692_1_2_4/25"
"344","https://images.eap.bl.uk/EAP692/EAP692_1_2_4/26.jp2/info.json","EAP692_1_2_4/26"
"345","https://images.eap.bl.uk/EAP692/EAP692_1_2_4/27.jp2/info.json","EAP692_1_2_4/27"
"346","https://images.eap.bl.uk/EAP692/EAP692_1_2_4/28.jp2/info.json","EAP692_1_2_4/28"
"347","https://images.eap.bl.uk/EAP692/EAP692_1_2_4/29.jp2/info.json","EAP692_1_2_4/29"
"348","https://images.eap.bl.uk/EAP692/EAP692_1_2_4/30.jp2/info.json","EAP692_1_2_4/30"
"349","https://images.eap.bl.uk/EAP692/EAP692_1_2_4/31.jp2/info.json","EAP692_1_2_4/31"
"350","https://images.eap.bl.uk/EAP692/EAP692_1_2_4/32.jp2/info.json","EAP692_1_2_4/32"
"351","https://images.eap.bl.uk/EAP692/EAP692_1_2_4/33.jp2/info.json","EAP692_1_2_4/33"
"352","https://images.eap.bl.uk/EAP692/EAP692_1_3_1/1.jp2/info.json","EAP692_1_3_1/1"
"353","https://images.eap.bl.uk/EAP692/EAP692_1_3_1/2.jp2/info.json","EAP692_1_3_1/2"
"354","https://images.eap.bl.uk/EAP692/EAP692_1_3_1/3.jp2/info.json","EAP692_1_3_1/3"
"355","https://images.eap.bl.uk/EAP692/EAP692_1_3_1/4.jp2/info.json","EAP692_1_3_1/4"
"356","https://images.eap.bl.uk/EAP692/EAP692_1_3_1/5.jp2/info.json","EAP692_1_3_1/5"
"357","https://images.eap.bl.uk/EAP692/EAP692_1_3_1/6.jp2/info.json","EAP692_1_3_1/6"
"358","https://images.eap.bl.uk/EAP692/EAP692_1_3_1/7.jp2/info.json","EAP692_1_3_1/7"
"359","https://images.eap.bl.uk/EAP692/EAP692_1_3_1/8.jp2/info.json","EAP692_1_3_1/8"
"360","https://images.eap.bl.uk/EAP692/EAP692_1_3_1/9.jp2/info.json","EAP692_1_3_1/9"
"361","https://images.eap.bl.uk/EAP692/EAP692_1_3_1/10.jp2/info.json","EAP692_1_3_1/10"
"362","https://images.eap.bl.uk/EAP692/EAP692_1_3_1/11.jp2/info.json","EAP692_1_3_1/11"
"363","https://images.eap.bl.uk/EAP692/EAP692_1_3_1/12.jp2/info.json","EAP692_1_3_1/12"
"364","https://images.eap.bl.uk/EAP692/EAP692_1_3_1/13.jp2/info.json","EAP692_1_3_1/13"
"365","https://images.eap.bl.uk/EAP692/EAP692_1_3_1/14.jp2/info.json","EAP692_1_3_1/14"
"366","https://images.eap.bl.uk/EAP692/EAP692_1_3_1/15.jp2/info.json","EAP692_1_3_1/15"
"367","https://images.eap.bl.uk/EAP692/EAP692_1_3_1/16.jp2/info.json","EAP692_1_3_1/16"
"368","https://images.eap.bl.uk/EAP692/EAP692_1_3_1/17.jp2/info.json","EAP692_1_3_1/17"
"369","https://images.eap.bl.uk/EAP692/EAP692_1_3_1/18.jp2/info.json","EAP692_1_3_1/18"
"370","https://images.eap.bl.uk/EAP692/EAP692_1_3_1/19.jp2/info.json","EAP692_1_3_1/19"
"371","https://images.eap.bl.uk/EAP692/EAP692_1_3_1/20.jp2/info.json","EAP692_1_3_1/20"
"372","https://images.eap.bl.uk/EAP692/EAP692_1_3_1/21.jp2/info.json","EAP692_1_3_1/21"
"373","https://images.eap.bl.uk/EAP692/EAP692_1_3_1/22.jp2/info.json","EAP692_1_3_1/22"
"374","https://images.eap.bl.uk/EAP692/EAP692_1_3_1/23.jp2/info.json","EAP692_1_3_1/23"
"375","https://images.eap.bl.uk/EAP692/EAP692_1_3_1/24.jp2/info.json","EAP692_1_3_1/24"
"376","https://images.eap.bl.uk/EAP692/EAP692_1_3_1/25.jp2/info.json","EAP692_1_3_1/25"
"377","https://images.eap.bl.uk/EAP692/EAP692_1_3_1/26.jp2/info.json","EAP692_1_3_1/26"
"378","https://images.eap.bl.uk/EAP692/EAP692_1_3_1/27.jp2/info.json","EAP692_1_3_1/27"
"379","https://images.eap.bl.uk/EAP692/EAP692_1_3_1/28.jp2/info.json","EAP692_1_3_1/28"
"380","https://images.eap.bl.uk/EAP692/EAP692_1_3_1/29.jp2/info.json","EAP692_1_3_1/29"
"381","https://images.eap.bl.uk/EAP692/EAP692_1_3_1/30.jp2/info.json","EAP692_1_3_1/30"
"382","https://images.eap.bl.uk/EAP692/EAP692_1_3_1/31.jp2/info.json","EAP692_1_3_1/31"
"383","https://images.eap.bl.uk/EAP692/EAP692_1_3_1/32.jp2/info.json","EAP692_1_3_1/32"
"384","https://images.eap.bl.uk/EAP692/EAP692_1_3_1/33.jp2/info.json","EAP692_1_3_1/33"
"385","https://images.eap.bl.uk/EAP692/EAP692_1_3_1/34.jp2/info.json","EAP692_1_3_1/34"
"386","https://images.eap.bl.uk/EAP692/EAP692_1_3_1/35.jp2/info.json","EAP692_1_3_1/35"
"387","https://images.eap.bl.uk/EAP692/EAP692_1_3_1/36.jp2/info.json","EAP692_1_3_1/36"
"388","https://images.eap.bl.uk/EAP692/EAP692_1_3_1/37.jp2/info.json","EAP692_1_3_1/37"
"389","https://images.eap.bl.uk/EAP692/EAP692_1_3_1/38.jp2/info.json","EAP692_1_3_1/38"
"390","https://images.eap.bl.uk/EAP692/EAP692_1_3_1/39.jp2/info.json","EAP692_1_3_1/39"
"391","https://images.eap.bl.uk/EAP692/EAP692_1_3_1/40.jp2/info.json","EAP692_1_3_1/40"
"392","https://images.eap.bl.uk/EAP692/EAP692_1_3_1/41.jp2/info.json","EAP692_1_3_1/41"
"393","https://images.eap.bl.uk/EAP692/EAP692_1_3_1/42.jp2/info.json","EAP692_1_3_1/42"
"394","https://images.eap.bl.uk/EAP692/EAP692_1_3_1/43.jp2/info.json","EAP692_1_3_1/43"
"395","https://images.eap.bl.uk/EAP692/EAP692_1_3_1/44.jp2/info.json","EAP692_1_3_1/44"
"396","https://images.eap.bl.uk/EAP692/EAP692_1_3_1/45.jp2/info.json","EAP692_1_3_1/45"
"397","https://images.eap.bl.uk/EAP692/EAP692_1_3_1/46.jp2/info.json","EAP692_1_3_1/46"
"398","https://images.eap.bl.uk/EAP692/EAP692_1_3_1/47.jp2/info.json","EAP692_1_3_1/47"
"399","https://images.eap.bl.uk/EAP692/EAP692_1_3_1/48.jp2/info.json","EAP692_1_3_1/48"
"400","https://images.eap.bl.uk/EAP692/EAP692_1_3_1/49.jp2/info.json","EAP692_1_3_1/49"
"401","https://images.eap.bl.uk/EAP692/EAP692_1_3_1/50.jp2/info.json","EAP692_1_3_1/50"
"402","https://images.eap.bl.uk/EAP692/EAP692_1_3_1/51.jp2/info.json","EAP692_1_3_1/51"
"403","https://images.eap.bl.uk/EAP692/EAP692_1_3_1/52.jp2/info.json","EAP692_1_3_1/52"
"404","https://images.eap.bl.uk/EAP692/EAP692_1_3_1/53.jp2/info.json","EAP692_1_3_1/53"
"405","https://images.eap.bl.uk/EAP692/EAP692_1_3_1/54.jp2/info.json","EAP692_1_3_1/54"
"406","https://images.eap.bl.uk/EAP692/EAP692_1_3_1/55.jp2/info.json","EAP692_1_3_1/55"
"407","https://images.eap.bl.uk/EAP692/EAP692_1_3_1/56.jp2/info.json","EAP692_1_3_1/56"
"408","https://images.eap.bl.uk/EAP692/EAP692_1_3_1/57.jp2/info.json","EAP692_1_3_1/57"
"409","https://images.eap.bl.uk/EAP692/EAP692_1_3_1/58.jp2/info.json","EAP692_1_3_1/58"
"410","https://images.eap.bl.uk/EAP692/EAP692_1_3_1/59.jp2/info.json","EAP692_1_3_1/59"
"411","https://images.eap.bl.uk/EAP692/EAP692_1_3_1/60.jp2/info.json","EAP692_1_3_1/60"
"412","https://images.eap.bl.uk/EAP692/EAP692_1_3_1/61.jp2/info.json","EAP692_1_3_1/61"
"413","https://images.eap.bl.uk/EAP692/EAP692_1_3_1/62.jp2/info.json","EAP692_1_3_1/62"
"414","https://images.eap.bl.uk/EAP692/EAP692_1_3_1/63.jp2/info.json","EAP692_1_3_1/63"
"415","https://images.eap.bl.uk/EAP692/EAP692_1_3_1/64.jp2/info.json","EAP692_1_3_1/64"
"416","https://images.eap.bl.uk/EAP692/EAP692_1_3_1/65.jp2/info.json","EAP692_1_3_1/65"
"417","https://images.eap.bl.uk/EAP692/EAP692_1_3_1/66.jp2/info.json","EAP692_1_3_1/66"
"418","https://images.eap.bl.uk/EAP692/EAP692_1_3_1/67.jp2/info.json","EAP692_1_3_1/67"
"419","https://images.eap.bl.uk/EAP692/EAP692_1_3_1/68.jp2/info.json","EAP692_1_3_1/68"
"420","https://images.eap.bl.uk/EAP692/EAP692_1_3_1/69.jp2/info.json","EAP692_1_3_1/69"
"421","https://images.eap.bl.uk/EAP692/EAP692_1_3_1/70.jp2/info.json","EAP692_1_3_1/70"
"422","https://images.eap.bl.uk/EAP692/EAP692_1_3_1/71.jp2/info.json","EAP692_1_3_1/71"
"423","https://images.eap.bl.uk/EAP692/EAP692_1_3_1/72.jp2/info.json","EAP692_1_3_1/72"
"424","https://images.eap.bl.uk/EAP692/EAP692_1_3_1/73.jp2/info.json","EAP692_1_3_1/73"
"425","https://images.eap.bl.uk/EAP692/EAP692_1_3_1/74.jp2/info.json","EAP692_1_3_1/74"
"426","https://images.eap.bl.uk/EAP692/EAP692_1_3_1/75.jp2/info.json","EAP692_1_3_1/75"
"427","https://images.eap.bl.uk/EAP692/EAP692_1_3_1/76.jp2/info.json","EAP692_1_3_1/76"
"428","https://images.eap.bl.uk/EAP692/EAP692_1_3_1/77.jp2/info.json","EAP692_1_3_1/77"
"429","https://images.eap.bl.uk/EAP692/EAP692_1_3_1/78.jp2/info.json","EAP692_1_3_1/78"
"430","https://images.eap.bl.uk/EAP692/EAP692_1_3_1/79.jp2/info.json","EAP692_1_3_1/79"
"431","https://images.eap.bl.uk/EAP692/EAP692_1_3_1/80.jp2/info.json","EAP692_1_3_1/80"
"432","https://images.eap.bl.uk/EAP692/EAP692_1_3_1/81.jp2/info.json","EAP692_1_3_1/81"
"433","https://images.eap.bl.uk/EAP692/EAP692_1_3_1/82.jp2/info.json","EAP692_1_3_1/82"
"434","https://images.eap.bl.uk/EAP692/EAP692_1_3_1/83.jp2/info.json","EAP692_1_3_1/83"
"435","https://images.eap.bl.uk/EAP692/EAP692_1_3_1/84.jp2/info.json","EAP692_1_3_1/84"
"436","https://images.eap.bl.uk/EAP692/EAP692_1_3_1/85.jp2/info.json","EAP692_1_3_1/85"
"437","https://images.eap.bl.uk/EAP692/EAP692_1_3_1/86.jp2/info.json","EAP692_1_3_1/86"
"438","https://images.eap.bl.uk/EAP692/EAP692_1_3_1/87.jp2/info.json","EAP692_1_3_1/87"
"439","https://images.eap.bl.uk/EAP692/EAP692_1_3_1/88.jp2/info.json","EAP692_1_3_1/88"
"440","https://images.eap.bl.uk/EAP692/EAP692_1_3_1/89.jp2/info.json","EAP692_1_3_1/89"
"441","https://images.eap.bl.uk/EAP692/EAP692_1_3_1/90.jp2/info.json","EAP692_1_3_1/90"
"442","https://images.eap.bl.uk/EAP692/EAP692_1_3_1/91.jp2/info.json","EAP692_1_3_1/91"
"443","https://images.eap.bl.uk/EAP692/EAP692_1_3_1/92.jp2/info.json","EAP692_1_3_1/92"
"444","https://images.eap.bl.uk/EAP692/EAP692_1_3_1/93.jp2/info.json","EAP692_1_3_1/93"
"445","https://images.eap.bl.uk/EAP692/EAP692_1_3_1/94.jp2/info.json","EAP692_1_3_1/94"
"446","https://images.eap.bl.uk/EAP692/EAP692_1_3_1/95.jp2/info.json","EAP692_1_3_1/95"
"447","https://images.eap.bl.uk/EAP692/EAP692_1_3_1/96.jp2/info.json","EAP692_1_3_1/96"
"448","https://images.eap.bl.uk/EAP692/EAP692_2_1_1/1.jp2/info.json","EAP692_2_1_1/1"
"449","https://images.eap.bl.uk/EAP692/EAP692_2_1_1/2.jp2/info.json","EAP692_2_1_1/2"
"450","https://images.eap.bl.uk/EAP692/EAP692_2_1_1/3.jp2/info.json","EAP692_2_1_1/3"
"451","https://images.eap.bl.uk/EAP692/EAP692_2_1_1/4.jp2/info.json","EAP692_2_1_1/4"
"452","https://images.eap.bl.uk/EAP692/EAP692_2_1_1/5.jp2/info.json","EAP692_2_1_1/5"
"453","https://images.eap.bl.uk/EAP692/EAP692_2_1_1/6.jp2/info.json","EAP692_2_1_1/6"
"454","https://images.eap.bl.uk/EAP692/EAP692_2_1_2/1.jp2/info.json","EAP692_2_1_2/1"
"455","https://images.eap.bl.uk/EAP692/EAP692_2_1_2/2.jp2/info.json","EAP692_2_1_2/2"
"456","https://images.eap.bl.uk/EAP692/EAP692_2_1_2/3.jp2/info.json","EAP692_2_1_2/3"
"457","https://images.eap.bl.uk/EAP692/EAP692_2_1_2/4.jp2/info.json","EAP692_2_1_2/4"
"458","https://images.eap.bl.uk/EAP692/EAP692_2_1_3/1.jp2/info.json","EAP692_2_1_3/1"
"459","https://images.eap.bl.uk/EAP692/EAP692_2_1_3/2.jp2/info.json","EAP692_2_1_3/2"
"460","https://images.eap.bl.uk/EAP692/EAP692_2_1_3/3.jp2/info.json","EAP692_2_1_3/3"
"461","https://images.eap.bl.uk/EAP692/EAP692_2_1_3/4.jp2/info.json","EAP692_2_1_3/4"
"462","https://images.eap.bl.uk/EAP692/EAP692_2_1_3/5.jp2/info.json","EAP692_2_1_3/5"
"463","https://images.eap.bl.uk/EAP692/EAP692_2_1_3/6.jp2/info.json","EAP692_2_1_3/6"
"464","https://images.eap.bl.uk/EAP692/EAP692_2_1_3/7.jp2/info.json","EAP692_2_1_3/7"
"465","https://images.eap.bl.uk/EAP692/EAP692_2_1_3/8.jp2/info.json","EAP692_2_1_3/8"
"466","https://images.eap.bl.uk/EAP692/EAP692_2_1_3/9.jp2/info.json","EAP692_2_1_3/9"
"467","https://images.eap.bl.uk/EAP692/EAP692_2_1_4/1.jp2/info.json","EAP692_2_1_4/1"
"468","https://images.eap.bl.uk/EAP692/EAP692_2_1_4/2.jp2/info.json","EAP692_2_1_4/2"
"469","https://images.eap.bl.uk/EAP692/EAP692_2_1_4/3.jp2/info.json","EAP692_2_1_4/3"
"470","https://images.eap.bl.uk/EAP692/EAP692_2_1_4/4.jp2/info.json","EAP692_2_1_4/4"
"471","https://images.eap.bl.uk/EAP692/EAP692_2_1_4/5.jp2/info.json","EAP692_2_1_4/5"
"472","https://images.eap.bl.uk/EAP692/EAP692_2_1_4/6.jp2/info.json","EAP692_2_1_4/6"
"473","https://images.eap.bl.uk/EAP692/EAP692_2_1_4/7.jp2/info.json","EAP692_2_1_4/7"
"474","https://images.eap.bl.uk/EAP692/EAP692_2_1_4/8.jp2/info.json","EAP692_2_1_4/8"
"475","https://images.eap.bl.uk/EAP692/EAP692_2_1_4/9.jp2/info.json","EAP692_2_1_4/9"
"476","https://images.eap.bl.uk/EAP692/EAP692_2_1_5/1.jp2/info.json","EAP692_2_1_5/1"
"477","https://images.eap.bl.uk/EAP692/EAP692_2_1_5/2.jp2/info.json","EAP692_2_1_5/2"
"478","https://images.eap.bl.uk/EAP692/EAP692_2_1_6/1.jp2/info.json","EAP692_2_1_6/1"
"479","https://images.eap.bl.uk/EAP692/EAP692_2_1_6/2.jp2/info.json","EAP692_2_1_6/2"
"480","https://images.eap.bl.uk/EAP692/EAP692_2_1_6/3.jp2/info.json","EAP692_2_1_6/3"
"481","https://images.eap.bl.uk/EAP692/EAP692_2_1_6/4.jp2/info.json","EAP692_2_1_6/4"
"482","https://images.eap.bl.uk/EAP692/EAP692_2_1_6/5.jp2/info.json","EAP692_2_1_6/5"
"483","https://images.eap.bl.uk/EAP692/EAP692_2_1_6/6.jp2/info.json","EAP692_2_1_6/6"
"484","https://images.eap.bl.uk/EAP692/EAP692_2_1_6/7.jp2/info.json","EAP692_2_1_6/7"
"485","https://images.eap.bl.uk/EAP692/EAP692_2_1_6/8.jp2/info.json","EAP692_2_1_6/8"
"486","https://images.eap.bl.uk/EAP692/EAP692_2_1_6/9.jp2/info.json","EAP692_2_1_6/9"
"487","https://images.eap.bl.uk/EAP692/EAP692_2_1_6/10.jp2/info.json","EAP692_2_1_6/10"
"488","https://images.eap.bl.uk/EAP692/EAP692_2_1_7/1.jp2/info.json","EAP692_2_1_7/1"
"489","https://images.eap.bl.uk/EAP692/EAP692_3_1_1/1.jp2/info.json","EAP692_3_1_1/1"
"490","https://images.eap.bl.uk/EAP692/EAP692_3_1_1/2.jp2/info.json","EAP692_3_1_1/2"
"491","https://images.eap.bl.uk/EAP692/EAP692_3_1_1/3.jp2/info.json","EAP692_3_1_1/3"
"492","https://images.eap.bl.uk/EAP692/EAP692_3_1_1/4.jp2/info.json","EAP692_3_1_1/4"
"493","https://images.eap.bl.uk/EAP692/EAP692_3_1_1/5.jp2/info.json","EAP692_3_1_1/5"
"494","https://images.eap.bl.uk/EAP692/EAP692_3_1_1/6.jp2/info.json","EAP692_3_1_1/6"
"495","https://images.eap.bl.uk/EAP692/EAP692_3_1_1/7.jp2/info.json","EAP692_3_1_1/7"
"496","https://images.eap.bl.uk/EAP692/EAP692_3_1_1/8.jp2/info.json","EAP692_3_1_1/8"
"497","https://images.eap.bl.uk/EAP692/EAP692_3_1_1/9.jp2/info.json","EAP692_3_1_1/9"
"498","https://images.eap.bl.uk/EAP692/EAP692_3_1_1/10.jp2/info.json","EAP692_3_1_1/10"
"499","https://images.eap.bl.uk/EAP692/EAP692_3_1_2/1.jp2/info.json","EAP692_3_1_2/1"
"500","https://images.eap.bl.uk/EAP692/EAP692_3_1_2/2.jp2/info.json","EAP692_3_1_2/2"
"501","https://images.eap.bl.uk/EAP692/EAP692_3_1_2/3.jp2/info.json","EAP692_3_1_2/3"
"502","https://images.eap.bl.uk/EAP692/EAP692_3_1_2/4.jp2/info.json","EAP692_3_1_2/4"
"503","https://images.eap.bl.uk/EAP692/EAP692_3_1_2/5.jp2/info.json","EAP692_3_1_2/5"
"504","https://images.eap.bl.uk/EAP692/EAP692_3_1_2/6.jp2/info.json","EAP692_3_1_2/6"
"505","https://images.eap.bl.uk/EAP692/EAP692_3_1_2/7.jp2/info.json","EAP692_3_1_2/7"
"506","https://images.eap.bl.uk/EAP692/EAP692_3_1_2/8.jp2/info.json","EAP692_3_1_2/8"
"507","https://images.eap.bl.uk/EAP692/EAP692_3_1_2/9.jp2/info.json","EAP692_3_1_2/9"
"508","https://images.eap.bl.uk/EAP692/EAP692_3_1_2/10.jp2/info.json","EAP692_3_1_2/10"
"509","https://images.eap.bl.uk/EAP692/EAP692_3_1_2/11.jp2/info.json","EAP692_3_1_2/11"
"510","https://images.eap.bl.uk/EAP692/EAP692_3_1_2/12.jp2/info.json","EAP692_3_1_2/12"
"511","https://images.eap.bl.uk/EAP692/EAP692_3_1_2/13.jp2/info.json","EAP692_3_1_2/13"
"512","https://images.eap.bl.uk/EAP692/EAP692_3_1_2/14.jp2/info.json","EAP692_3_1_2/14"
"513","https://images.eap.bl.uk/EAP692/EAP692_3_1_2/15.jp2/info.json","EAP692_3_1_2/15"
"514","https://images.eap.bl.uk/EAP692/EAP692_3_1_2/16.jp2/info.json","EAP692_3_1_2/16"
"515","https://images.eap.bl.uk/EAP692/EAP692_3_1_2/17.jp2/info.json","EAP692_3_1_2/17"
"516","https://images.eap.bl.uk/EAP692/EAP692_3_1_2/18.jp2/info.json","EAP692_3_1_2/18"
"517","https://images.eap.bl.uk/EAP692/EAP692_3_1_2/19.jp2/info.json","EAP692_3_1_2/19"
"518","https://images.eap.bl.uk/EAP692/EAP692_3_1_2/20.jp2/info.json","EAP692_3_1_2/20"
"519","https://images.eap.bl.uk/EAP692/EAP692_3_1_2/21.jp2/info.json","EAP692_3_1_2/21"
"520","https://images.eap.bl.uk/EAP692/EAP692_3_1_2/22.jp2/info.json","EAP692_3_1_2/22"
"521","https://images.eap.bl.uk/EAP692/EAP692_3_1_2/23.jp2/info.json","EAP692_3_1_2/23"
"522","https://images.eap.bl.uk/EAP692/EAP692_3_1_2/24.jp2/info.json","EAP692_3_1_2/24"
"523","https://images.eap.bl.uk/EAP692/EAP692_3_1_3/1.jp2/info.json","EAP692_3_1_3/1"
"524","https://images.eap.bl.uk/EAP692/EAP692_3_1_3/2.jp2/info.json","EAP692_3_1_3/2"
"525","https://images.eap.bl.uk/EAP692/EAP692_3_1_3/3.jp2/info.json","EAP692_3_1_3/3"
"526","https://images.eap.bl.uk/EAP692/EAP692_3_1_3/4.jp2/info.json","EAP692_3_1_3/4"
"527","https://images.eap.bl.uk/EAP692/EAP692_3_1_3/5.jp2/info.json","EAP692_3_1_3/5"
"528","https://images.eap.bl.uk/EAP692/EAP692_3_1_3/6.jp2/info.json","EAP692_3_1_3/6"
"529","https://images.eap.bl.uk/EAP692/EAP692_3_1_3/7.jp2/info.json","EAP692_3_1_3/7"
"530","https://images.eap.bl.uk/EAP692/EAP692_3_1_3/8.jp2/info.json","EAP692_3_1_3/8"
"531","https://images.eap.bl.uk/EAP692/EAP692_3_1_3/9.jp2/info.json","EAP692_3_1_3/9"
"532","https://images.eap.bl.uk/EAP692/EAP692_3_1_3/10.jp2/info.json","EAP692_3_1_3/10"
"533","https://images.eap.bl.uk/EAP692/EAP692_3_1_3/11.jp2/info.json","EAP692_3_1_3/11"
"534","https://images.eap.bl.uk/EAP692/EAP692_3_1_3/12.jp2/info.json","EAP692_3_1_3/12"
"535","https://images.eap.bl.uk/EAP692/EAP692_3_1_3/13.jp2/info.json","EAP692_3_1_3/13"
"536","https://images.eap.bl.uk/EAP692/EAP692_3_1_3/14.jp2/info.json","EAP692_3_1_3/14"
"537","https://images.eap.bl.uk/EAP692/EAP692_3_1_3/15.jp2/info.json","EAP692_3_1_3/15"
"538","https://images.eap.bl.uk/EAP692/EAP692_3_1_3/16.jp2/info.json","EAP692_3_1_3/16"
"539","https://images.eap.bl.uk/EAP692/EAP692_3_1_3/17.jp2/info.json","EAP692_3_1_3/17"
"540","https://images.eap.bl.uk/EAP692/EAP692_3_1_3/18.jp2/info.json","EAP692_3_1_3/18"
"541","https://images.eap.bl.uk/EAP692/EAP692_3_1_3/19.jp2/info.json","EAP692_3_1_3/19"
"542","https://images.eap.bl.uk/EAP692/EAP692_3_1_3/20.jp2/info.json","EAP692_3_1_3/20"
"543","https://images.eap.bl.uk/EAP692/EAP692_3_1_3/21.jp2/info.json","EAP692_3_1_3/21"
"544","https://images.eap.bl.uk/EAP692/EAP692_3_1_3/22.jp2/info.json","EAP692_3_1_3/22"
"545","https://images.eap.bl.uk/EAP692/EAP692_3_1_3/23.jp2/info.json","EAP692_3_1_3/23"
"546","https://images.eap.bl.uk/EAP692/EAP692_3_1_3/24.jp2/info.json","EAP692_3_1_3/24"
"547","https://images.eap.bl.uk/EAP692/EAP692_3_1_3/25.jp2/info.json","EAP692_3_1_3/25"
"548","https://images.eap.bl.uk/EAP692/EAP692_3_1_3/26.jp2/info.json","EAP692_3_1_3/26"
"549","https://images.eap.bl.uk/EAP692/EAP692_3_1_3/27.jp2/info.json","EAP692_3_1_3/27"
"550","https://images.eap.bl.uk/EAP692/EAP692_3_1_3/28.jp2/info.json","EAP692_3_1_3/28"
"551","https://images.eap.bl.uk/EAP692/EAP692_3_1_3/29.jp2/info.json","EAP692_3_1_3/29"
"552","https://images.eap.bl.uk/EAP692/EAP692_3_1_3/30.jp2/info.json","EAP692_3_1_3/30"
"553","https://images.eap.bl.uk/EAP692/EAP692_3_1_3/31.jp2/info.json","EAP692_3_1_3/31"
"554","https://images.eap.bl.uk/EAP692/EAP692_3_1_3/32.jp2/info.json","EAP692_3_1_3/32"
"555","https://images.eap.bl.uk/EAP692/EAP692_3_1_3/33.jp2/info.json","EAP692_3_1_3/33"
"556","https://images.eap.bl.uk/EAP692/EAP692_3_1_3/34.jp2/info.json","EAP692_3_1_3/34"
"557","https://images.eap.bl.uk/EAP692/EAP692_3_1_3/35.jp2/info.json","EAP692_3_1_3/35"
"558","https://images.eap.bl.uk/EAP692/EAP692_3_1_3/36.jp2/info.json","EAP692_3_1_3/36"
"559","https://images.eap.bl.uk/EAP692/EAP692_3_1_3/37.jp2/info.json","EAP692_3_1_3/37"
"560","https://images.eap.bl.uk/EAP692/EAP692_3_1_3/38.jp2/info.json","EAP692_3_1_3/38"
"561","https://images.eap.bl.uk/EAP692/EAP692_3_1_3/39.jp2/info.json","EAP692_3_1_3/39"
"562","https://images.eap.bl.uk/EAP692/EAP692_4_1_1/1.jp2/info.json","EAP692_4_1_1/1"
"563","https://images.eap.bl.uk/EAP692/EAP692_4_1_1/2.jp2/info.json","EAP692_4_1_1/2"
"564","https://images.eap.bl.uk/EAP692/EAP692_4_1_1/3.jp2/info.json","EAP692_4_1_1/3"
"565","https://images.eap.bl.uk/EAP692/EAP692_4_1_1/4.jp2/info.json","EAP692_4_1_1/4"
"566","https://images.eap.bl.uk/EAP692/EAP692_4_1_1/5.jp2/info.json","EAP692_4_1_1/5"
"567","https://images.eap.bl.uk/EAP692/EAP692_4_1_1/6.jp2/info.json","EAP692_4_1_1/6"
"568","https://images.eap.bl.uk/EAP692/EAP692_4_1_1/7.jp2/info.json","EAP692_4_1_1/7"
"569","https://images.eap.bl.uk/EAP692/EAP692_4_1_1/8.jp2/info.json","EAP692_4_1_1/8"
"570","https://images.eap.bl.uk/EAP692/EAP692_4_1_1/9.jp2/info.json","EAP692_4_1_1/9"
"571","https://images.eap.bl.uk/EAP692/EAP692_4_1_1/10.jp2/info.json","EAP692_4_1_1/10"
"572","https://images.eap.bl.uk/EAP692/EAP692_4_1_1/11.jp2/info.json","EAP692_4_1_1/11"
"573","https://images.eap.bl.uk/EAP692/EAP692_4_1_1/12.jp2/info.json","EAP692_4_1_1/12"
"574","https://images.eap.bl.uk/EAP692/EAP692_4_1_2/1.jp2/info.json","EAP692_4_1_2/1"
"575","https://images.eap.bl.uk/EAP692/EAP692_4_1_3/1.jp2/info.json","EAP692_4_1_3/1"
"576","https://images.eap.bl.uk/EAP692/EAP692_4_1_3/2.jp2/info.json","EAP692_4_1_3/2"
"577","https://images.eap.bl.uk/EAP692/EAP692_4_1_3/3.jp2/info.json","EAP692_4_1_3/3"
"578","https://images.eap.bl.uk/EAP692/EAP692_4_1_3/4.jp2/info.json","EAP692_4_1_3/4"
"579","https://images.eap.bl.uk/EAP692/EAP692_4_1_3/5.jp2/info.json","EAP692_4_1_3/5"
"580","https://images.eap.bl.uk/EAP692/EAP692_4_1_3/6.jp2/info.json","EAP692_4_1_3/6"
"581","https://images.eap.bl.uk/EAP692/EAP692_4_1_3/7.jp2/info.json","EAP692_4_1_3/7"
"582","https://images.eap.bl.uk/EAP692/EAP692_4_1_3/8.jp2/info.json","EAP692_4_1_3/8"
"583","https://images.eap.bl.uk/EAP692/EAP692_4_1_3/9.jp2/info.json","EAP692_4_1_3/9"
"584","https://images.eap.bl.uk/EAP692/EAP692_4_1_3/10.jp2/info.json","EAP692_4_1_3/10"
"585","https://images.eap.bl.uk/EAP692/EAP692_4_1_3/11.jp2/info.json","EAP692_4_1_3/11"
"586","https://images.eap.bl.uk/EAP692/EAP692_4_1_3/12.jp2/info.json","EAP692_4_1_3/12"
"587","https://images.eap.bl.uk/EAP692/EAP692_4_1_3/13.jp2/info.json","EAP692_4_1_3/13"
"588","https://images.eap.bl.uk/EAP692/EAP692_4_1_3/14.jp2/info.json","EAP692_4_1_3/14"
"589","https://images.eap.bl.uk/EAP692/EAP692_4_1_3/15.jp2/info.json","EAP692_4_1_3/15"
"590","https://images.eap.bl.uk/EAP692/EAP692_4_1_3/16.jp2/info.json","EAP692_4_1_3/16"
"591","https://images.eap.bl.uk/EAP692/EAP692_4_1_3/17.jp2/info.json","EAP692_4_1_3/17"
"592","https://images.eap.bl.uk/EAP692/EAP692_4_1_3/18.jp2/info.json","EAP692_4_1_3/18"
"593","https://images.eap.bl.uk/EAP692/EAP692_4_1_3/19.jp2/info.json","EAP692_4_1_3/19"
"594","https://images.eap.bl.uk/EAP692/EAP692_4_1_3/20.jp2/info.json","EAP692_4_1_3/20"
"595","https://images.eap.bl.uk/EAP692/EAP692_4_1_3/21.jp2/info.json","EAP692_4_1_3/21"
"596","https://images.eap.bl.uk/EAP692/EAP692_4_1_3/22.jp2/info.json","EAP692_4_1_3/22"
"597","https://images.eap.bl.uk/EAP692/EAP692_4_1_3/23.jp2/info.json","EAP692_4_1_3/23"
"598","https://images.eap.bl.uk/EAP692/EAP692_4_1_3/24.jp2/info.json","EAP692_4_1_3/24"
"599","https://images.eap.bl.uk/EAP692/EAP692_4_1_3/25.jp2/info.json","EAP692_4_1_3/25"
"600","https://images.eap.bl.uk/EAP692/EAP692_4_1_3/26.jp2/info.json","EAP692_4_1_3/26"
"601","https://images.eap.bl.uk/EAP692/EAP692_4_1_3/27.jp2/info.json","EAP692_4_1_3/27"
"602","https://images.eap.bl.uk/EAP692/EAP692_4_1_3/28.jp2/info.json","EAP692_4_1_3/28"
"603","https://images.eap.bl.uk/EAP692/EAP692_4_1_3/29.jp2/info.json","EAP692_4_1_3/29"
"604","https://images.eap.bl.uk/EAP692/EAP692_4_1_3/30.jp2/info.json","EAP692_4_1_3/30"
"605","https://images.eap.bl.uk/EAP692/EAP692_4_1_3/31.jp2/info.json","EAP692_4_1_3/31"
"606","https://images.eap.bl.uk/EAP692/EAP692_4_1_3/32.jp2/info.json","EAP692_4_1_3/32"
"607","https://images.eap.bl.uk/EAP692/EAP692_4_1_3/33.jp2/info.json","EAP692_4_1_3/33"
"608","https://images.eap.bl.uk/EAP692/EAP692_4_1_3/34.jp2/info.json","EAP692_4_1_3/34"
"609","https://images.eap.bl.uk/EAP692/EAP692_4_1_3/35.jp2/info.json","EAP692_4_1_3/35"
"610","https://images.eap.bl.uk/EAP692/EAP692_4_1_3/36.jp2/info.json","EAP692_4_1_3/36"
"611","https://images.eap.bl.uk/EAP692/EAP692_4_1_3/37.jp2/info.json","EAP692_4_1_3/37"
"612","https://images.eap.bl.uk/EAP692/EAP692_4_1_3/38.jp2/info.json","EAP692_4_1_3/38"
"613","https://images.eap.bl.uk/EAP692/EAP692_4_1_3/39.jp2/info.json","EAP692_4_1_3/39"
"614","https://images.eap.bl.uk/EAP692/EAP692_4_1_3/40.jp2/info.json","EAP692_4_1_3/40"
"615","https://images.eap.bl.uk/EAP692/EAP692_4_1_3/41.jp2/info.json","EAP692_4_1_3/41"
"616","https://images.eap.bl.uk/EAP692/EAP692_4_1_3/42.jp2/info.json","EAP692_4_1_3/42"
"617","https://images.eap.bl.uk/EAP692/EAP692_4_1_3/43.jp2/info.json","EAP692_4_1_3/43"
"618","https://images.eap.bl.uk/EAP692/EAP692_4_1_3/44.jp2/info.json","EAP692_4_1_3/44"
"619","https://images.eap.bl.uk/EAP692/EAP692_4_1_3/45.jp2/info.json","EAP692_4_1_3/45"
"620","https://images.eap.bl.uk/EAP692/EAP692_4_1_3/46.jp2/info.json","EAP692_4_1_3/46"
"621","https://images.eap.bl.uk/EAP692/EAP692_4_1_3/47.jp2/info.json","EAP692_4_1_3/47"
"622","https://images.eap.bl.uk/EAP692/EAP692_4_1_3/48.jp2/info.json","EAP692_4_1_3/48"
"623","https://images.eap.bl.uk/EAP692/EAP692_4_1_3/49.jp2/info.json","EAP692_4_1_3/49"
"624","https://images.eap.bl.uk/EAP692/EAP692_4_1_3/50.jp2/info.json","EAP692_4_1_3/50"
"625","https://images.eap.bl.uk/EAP692/EAP692_4_1_3/51.jp2/info.json","EAP692_4_1_3/51"
"626","https://images.eap.bl.uk/EAP692/EAP692_4_1_3/52.jp2/info.json","EAP692_4_1_3/52"
"627","https://images.eap.bl.uk/EAP692/EAP692_4_1_3/53.jp2/info.json","EAP692_4_1_3/53"
"628","https://images.eap.bl.uk/EAP692/EAP692_4_1_3/54.jp2/info.json","EAP692_4_1_3/54"
"629","https://images.eap.bl.uk/EAP692/EAP692_4_1_3/55.jp2/info.json","EAP692_4_1_3/55"
"630","https://images.eap.bl.uk/EAP692/EAP692_4_1_3/56.jp2/info.json","EAP692_4_1_3/56"
"631","https://images.eap.bl.uk/EAP692/EAP692_4_1_3/57.jp2/info.json","EAP692_4_1_3/57"
"632","https://images.eap.bl.uk/EAP692/EAP692_4_1_3/58.jp2/info.json","EAP692_4_1_3/58"
"633","https://images.eap.bl.uk/EAP692/EAP692_4_1_3/59.jp2/info.json","EAP692_4_1_3/59"
"634","https://images.eap.bl.uk/EAP692/EAP692_4_1_3/60.jp2/info.json","EAP692_4_1_3/60"
"635","https://images.eap.bl.uk/EAP692/EAP692_4_1_3/61.jp2/info.json","EAP692_4_1_3/61"
"636","https://images.eap.bl.uk/EAP692/EAP692_4_1_3/62.jp2/info.json","EAP692_4_1_3/62"
"637","https://images.eap.bl.uk/EAP692/EAP692_4_1_3/63.jp2/info.json","EAP692_4_1_3/63"
"638","https://images.eap.bl.uk/EAP692/EAP692_4_1_3/64.jp2/info.json","EAP692_4_1_3/64"
"639","https://images.eap.bl.uk/EAP692/EAP692_4_1_3/65.jp2/info.json","EAP692_4_1_3/65"
"640","https://images.eap.bl.uk/EAP692/EAP692_4_1_3/66.jp2/info.json","EAP692_4_1_3/66"
"641","https://images.eap.bl.uk/EAP692/EAP692_4_1_3/67.jp2/info.json","EAP692_4_1_3/67"
"642","https://images.eap.bl.uk/EAP692/EAP692_4_1_3/68.jp2/info.json","EAP692_4_1_3/68"
"643","https://images.eap.bl.uk/EAP692/EAP692_4_1_4/1.jp2/info.json","EAP692_4_1_4/1"
"644","https://images.eap.bl.uk/EAP692/EAP692_4_1_4/2.jp2/info.json","EAP692_4_1_4/2"
"645","https://images.eap.bl.uk/EAP692/EAP692_4_1_4/3.jp2/info.json","EAP692_4_1_4/3"
"646","https://images.eap.bl.uk/EAP692/EAP692_4_1_4/4.jp2/info.json","EAP692_4_1_4/4"
"647","https://images.eap.bl.uk/EAP692/EAP692_4_1_4/5.jp2/info.json","EAP692_4_1_4/5"
"648","https://images.eap.bl.uk/EAP692/EAP692_4_1_4/6.jp2/info.json","EAP692_4_1_4/6"
"649","https://images.eap.bl.uk/EAP692/EAP692_4_1_4/7.jp2/info.json","EAP692_4_1_4/7"
"650","https://images.eap.bl.uk/EAP692/EAP692_4_1_4/8.jp2/info.json","EAP692_4_1_4/8"
"651","https://images.eap.bl.uk/EAP692/EAP692_4_1_4/9.jp2/info.json","EAP692_4_1_4/9"
"652","https://images.eap.bl.uk/EAP692/EAP692_4_1_4/10.jp2/info.json","EAP692_4_1_4/10"
"653","https://images.eap.bl.uk/EAP692/EAP692_4_1_4/11.jp2/info.json","EAP692_4_1_4/11"
"654","https://images.eap.bl.uk/EAP692/EAP692_4_1_4/12.jp2/info.json","EAP692_4_1_4/12"
"655","https://images.eap.bl.uk/EAP692/EAP692_4_1_4/13.jp2/info.json","EAP692_4_1_4/13"
"656","https://images.eap.bl.uk/EAP692/EAP692_4_1_4/14.jp2/info.json","EAP692_4_1_4/14"
"657","https://images.eap.bl.uk/EAP692/EAP692_4_1_4/15.jp2/info.json","EAP692_4_1_4/15"
"658","https://images.eap.bl.uk/EAP692/EAP692_4_1_4/16.jp2/info.json","EAP692_4_1_4/16"
"659","https://images.eap.bl.uk/EAP692/EAP692_4_1_4/17.jp2/info.json","EAP692_4_1_4/17"
"660","https://images.eap.bl.uk/EAP692/EAP692_4_1_4/18.jp2/info.json","EAP692_4_1_4/18"
"661","https://images.eap.bl.uk/EAP692/EAP692_4_1_4/19.jp2/info.json","EAP692_4_1_4/19"
"662","https://images.eap.bl.uk/EAP692/EAP692_4_1_4/20.jp2/info.json","EAP692_4_1_4/20"
"663","https://images.eap.bl.uk/EAP692/EAP692_4_1_4/21.jp2/info.json","EAP692_4_1_4/21"
"664","https://images.eap.bl.uk/EAP692/EAP692_4_1_4/22.jp2/info.json","EAP692_4_1_4/22"
"665","https://images.eap.bl.uk/EAP692/EAP692_4_1_4/23.jp2/info.json","EAP692_4_1_4/23"
"666","https://images.eap.bl.uk/EAP692/EAP692_4_1_4/24.jp2/info.json","EAP692_4_1_4/24"
"667","https://images.eap.bl.uk/EAP692/EAP692_4_1_4/25.jp2/info.json","EAP692_4_1_4/25"
"668","https://images.eap.bl.uk/EAP692/EAP692_4_1_4/26.jp2/info.json","EAP692_4_1_4/26"
"669","https://images.eap.bl.uk/EAP692/EAP692_4_1_4/27.jp2/info.json","EAP692_4_1_4/27"
"670","https://images.eap.bl.uk/EAP692/EAP692_4_1_4/28.jp2/info.json","EAP692_4_1_4/28"
"671","https://images.eap.bl.uk/EAP692/EAP692_4_1_4/29.jp2/info.json","EAP692_4_1_4/29"
"672","https://images.eap.bl.uk/EAP692/EAP692_4_1_4/30.jp2/info.json","EAP692_4_1_4/30"
"673","https://images.eap.bl.uk/EAP692/EAP692_4_1_4/31.jp2/info.json","EAP692_4_1_4/31"
"674","https://images.eap.bl.uk/EAP692/EAP692_4_1_4/32.jp2/info.json","EAP692_4_1_4/32"
"675","https://images.eap.bl.uk/EAP692/EAP692_4_1_4/33.jp2/info.json","EAP692_4_1_4/33"
"676","https://images.eap.bl.uk/EAP692/EAP692_4_1_4/34.jp2/info.json","EAP692_4_1_4/34"
"677","https://images.eap.bl.uk/EAP692/EAP692_4_1_4/35.jp2/info.json","EAP692_4_1_4/35"
"678","https://images.eap.bl.uk/EAP692/EAP692_4_1_4/36.jp2/info.json","EAP692_4_1_4/36"
"679","https://images.eap.bl.uk/EAP692/EAP692_4_1_4/37.jp2/info.json","EAP692_4_1_4/37"
"680","https://images.eap.bl.uk/EAP692/EAP692_4_1_4/38.jp2/info.json","EAP692_4_1_4/38"
"681","https://images.eap.bl.uk/EAP692/EAP692_4_1_4/39.jp2/info.json","EAP692_4_1_4/39"
"682","https://images.eap.bl.uk/EAP692/EAP692_4_1_4/40.jp2/info.json","EAP692_4_1_4/40"
"683","https://images.eap.bl.uk/EAP692/EAP692_4_1_4/41.jp2/info.json","EAP692_4_1_4/41"
"684","https://images.eap.bl.uk/EAP692/EAP692_4_1_4/42.jp2/info.json","EAP692_4_1_4/42"
"685","https://images.eap.bl.uk/EAP692/EAP692_4_1_4/43.jp2/info.json","EAP692_4_1_4/43"
"686","https://images.eap.bl.uk/EAP692/EAP692_4_1_4/44.jp2/info.json","EAP692_4_1_4/44"
"687","https://images.eap.bl.uk/EAP692/EAP692_4_1_4/45.jp2/info.json","EAP692_4_1_4/45"
"688","https://images.eap.bl.uk/EAP692/EAP692_4_1_4/46.jp2/info.json","EAP692_4_1_4/46"
"689","https://images.eap.bl.uk/EAP692/EAP692_4_1_4/47.jp2/info.json","EAP692_4_1_4/47"
"690","https://images.eap.bl.uk/EAP692/EAP692_4_1_4/48.jp2/info.json","EAP692_4_1_4/48"
"691","https://images.eap.bl.uk/EAP692/EAP692_4_1_4/49.jp2/info.json","EAP692_4_1_4/49"
"692","https://images.eap.bl.uk/EAP692/EAP692_4_1_4/50.jp2/info.json","EAP692_4_1_4/50"
"693","https://images.eap.bl.uk/EAP692/EAP692_4_1_4/51.jp2/info.json","EAP692_4_1_4/51"
"694","https://images.eap.bl.uk/EAP692/EAP692_4_1_4/52.jp2/info.json","EAP692_4_1_4/52"
"695","https://images.eap.bl.uk/EAP692/EAP692_4_1_4/53.jp2/info.json","EAP692_4_1_4/53"
"696","https://images.eap.bl.uk/EAP692/EAP692_4_1_4/54.jp2/info.json","EAP692_4_1_4/54"
"697","https://images.eap.bl.uk/EAP692/EAP692_4_1_4/55.jp2/info.json","EAP692_4_1_4/55"
"698","https://images.eap.bl.uk/EAP692/EAP692_4_1_4/56.jp2/info.json","EAP692_4_1_4/56"
"699","https://images.eap.bl.uk/EAP692/EAP692_4_1_4/57.jp2/info.json","EAP692_4_1_4/57"
"700","https://images.eap.bl.uk/EAP692/EAP692_4_1_4/58.jp2/info.json","EAP692_4_1_4/58"
"701","https://images.eap.bl.uk/EAP692/EAP692_4_1_4/59.jp2/info.json","EAP692_4_1_4/59"
"702","https://images.eap.bl.uk/EAP692/EAP692_4_1_4/60.jp2/info.json","EAP692_4_1_4/60"
"703","https://images.eap.bl.uk/EAP692/EAP692_4_1_4/61.jp2/info.json","EAP692_4_1_4/61"
"704","https://images.eap.bl.uk/EAP692/EAP692_4_1_4/62.jp2/info.json","EAP692_4_1_4/62"
"705","https://images.eap.bl.uk/EAP692/EAP692_4_1_4/63.jp2/info.json","EAP692_4_1_4/63"
"706","https://images.eap.bl.uk/EAP692/EAP692_4_1_4/64.jp2/info.json","EAP692_4_1_4/64"
"707","https://images.eap.bl.uk/EAP692/EAP692_4_1_4/65.jp2/info.json","EAP692_4_1_4/65"
"708","https://images.eap.bl.uk/EAP692/EAP692_4_1_4/66.jp2/info.json","EAP692_4_1_4/66"
"709","https://images.eap.bl.uk/EAP692/EAP692_4_1_4/67.jp2/info.json","EAP692_4_1_4/67"
"710","https://images.eap.bl.uk/EAP692/EAP692_4_1_4/68.jp2/info.json","EAP692_4_1_4/68"
"711","https://images.eap.bl.uk/EAP692/EAP692_4_1_4/69.jp2/info.json","EAP692_4_1_4/69"
"712","https://images.eap.bl.uk/EAP692/EAP692_4_1_4/70.jp2/info.json","EAP692_4_1_4/70"
"713","https://images.eap.bl.uk/EAP692/EAP692_4_1_4/71.jp2/info.json","EAP692_4_1_4/71"
"714","https://images.eap.bl.uk/EAP692/EAP692_4_1_4/72.jp2/info.json","EAP692_4_1_4/72"
"715","https://images.eap.bl.uk/EAP692/EAP692_4_1_4/73.jp2/info.json","EAP692_4_1_4/73"
"716","https://images.eap.bl.uk/EAP692/EAP692_4_1_4/74.jp2/info.json","EAP692_4_1_4/74"
"717","https://images.eap.bl.uk/EAP692/EAP692_4_1_4/75.jp2/info.json","EAP692_4_1_4/75"
"718","https://images.eap.bl.uk/EAP692/EAP692_4_1_4/76.jp2/info.json","EAP692_4_1_4/76"
"719","https://images.eap.bl.uk/EAP692/EAP692_4_1_4/77.jp2/info.json","EAP692_4_1_4/77"
"720","https://images.eap.bl.uk/EAP692/EAP692_4_1_5/1.jp2/info.json","EAP692_4_1_5/1"
"721","https://images.eap.bl.uk/EAP692/EAP692_4_1_5/2.jp2/info.json","EAP692_4_1_5/2"
"722","https://images.eap.bl.uk/EAP692/EAP692_4_1_5/3.jp2/info.json","EAP692_4_1_5/3"
"723","https://images.eap.bl.uk/EAP692/EAP692_4_1_5/4.jp2/info.json","EAP692_4_1_5/4"
"724","https://images.eap.bl.uk/EAP692/EAP692_4_1_5/5.jp2/info.json","EAP692_4_1_5/5"
"725","https://images.eap.bl.uk/EAP692/EAP692_4_1_5/6.jp2/info.json","EAP692_4_1_5/6"
"726","https://images.eap.bl.uk/EAP692/EAP692_4_1_5/7.jp2/info.json","EAP692_4_1_5/7"
"727","https://images.eap.bl.uk/EAP692/EAP692_4_1_5/8.jp2/info.json","EAP692_4_1_5/8"
"728","https://images.eap.bl.uk/EAP692/EAP692_4_1_5/9.jp2/info.json","EAP692_4_1_5/9"
"729","https://images.eap.bl.uk/EAP692/EAP692_4_1_5/10.jp2/info.json","EAP692_4_1_5/10"
"730","https://images.eap.bl.uk/EAP692/EAP692_4_1_5/11.jp2/info.json","EAP692_4_1_5/11"
"731","https://images.eap.bl.uk/EAP692/EAP692_4_1_5/12.jp2/info.json","EAP692_4_1_5/12"
"732","https://images.eap.bl.uk/EAP692/EAP692_4_1_5/13.jp2/info.json","EAP692_4_1_5/13"
"733","https://images.eap.bl.uk/EAP692/EAP692_4_1_5/14.jp2/info.json","EAP692_4_1_5/14"
"734","https://images.eap.bl.uk/EAP692/EAP692_4_1_5/15.jp2/info.json","EAP692_4_1_5/15"
"735","https://images.eap.bl.uk/EAP692/EAP692_4_1_5/16.jp2/info.json","EAP692_4_1_5/16"
"736","https://images.eap.bl.uk/EAP692/EAP692_4_1_5/17.jp2/info.json","EAP692_4_1_5/17"
"737","https://images.eap.bl.uk/EAP692/EAP692_4_1_5/18.jp2/info.json","EAP692_4_1_5/18"
"738","https://images.eap.bl.uk/EAP692/EAP692_4_1_5/19.jp2/info.json","EAP692_4_1_5/19"
"739","https://images.eap.bl.uk/EAP692/EAP692_4_1_5/20.jp2/info.json","EAP692_4_1_5/20"
"740","https://images.eap.bl.uk/EAP692/EAP692_4_1_5/21.jp2/info.json","EAP692_4_1_5/21"
"741","https://images.eap.bl.uk/EAP692/EAP692_4_1_5/22.jp2/info.json","EAP692_4_1_5/22"
"742","https://images.eap.bl.uk/EAP692/EAP692_4_1_5/23.jp2/info.json","EAP692_4_1_5/23"
"743","https://images.eap.bl.uk/EAP692/EAP692_4_1_5/24.jp2/info.json","EAP692_4_1_5/24"
"744","https://images.eap.bl.uk/EAP692/EAP692_4_1_5/25.jp2/info.json","EAP692_4_1_5/25"
"745","https://images.eap.bl.uk/EAP692/EAP692_4_1_5/26.jp2/info.json","EAP692_4_1_5/26"
"746","https://images.eap.bl.uk/EAP692/EAP692_4_1_5/27.jp2/info.json","EAP692_4_1_5/27"
"747","https://images.eap.bl.uk/EAP692/EAP692_4_1_5/28.jp2/info.json","EAP692_4_1_5/28"
"748","https://images.eap.bl.uk/EAP692/EAP692_4_1_5/29.jp2/info.json","EAP692_4_1_5/29"
"749","https://images.eap.bl.uk/EAP692/EAP692_4_1_5/30.jp2/info.json","EAP692_4_1_5/30"
"750","https://images.eap.bl.uk/EAP692/EAP692_4_1_5/31.jp2/info.json","EAP692_4_1_5/31"
"751","https://images.eap.bl.uk/EAP692/EAP692_4_1_5/32.jp2/info.json","EAP692_4_1_5/32"
"752","https://images.eap.bl.uk/EAP692/EAP692_4_1_5/33.jp2/info.json","EAP692_4_1_5/33"
"753","https://images.eap.bl.uk/EAP692/EAP692_4_1_5/34.jp2/info.json","EAP692_4_1_5/34"
"754","https://images.eap.bl.uk/EAP692/EAP692_4_1_5/35.jp2/info.json","EAP692_4_1_5/35"
"755","https://images.eap.bl.uk/EAP692/EAP692_4_1_6/1.jp2/info.json","EAP692_4_1_6/1"
"756","https://images.eap.bl.uk/EAP692/EAP692_4_1_6/2.jp2/info.json","EAP692_4_1_6/2"
"757","https://images.eap.bl.uk/EAP692/EAP692_4_1_6/3.jp2/info.json","EAP692_4_1_6/3"
"758","https://images.eap.bl.uk/EAP692/EAP692_4_1_6/4.jp2/info.json","EAP692_4_1_6/4"
"759","https://images.eap.bl.uk/EAP692/EAP692_4_1_6/5.jp2/info.json","EAP692_4_1_6/5"
"760","https://images.eap.bl.uk/EAP692/EAP692_4_1_6/6.jp2/info.json","EAP692_4_1_6/6"
"761","https://images.eap.bl.uk/EAP692/EAP692_4_1_6/7.jp2/info.json","EAP692_4_1_6/7"
"762","https://images.eap.bl.uk/EAP692/EAP692_4_1_6/8.jp2/info.json","EAP692_4_1_6/8"
"763","https://images.eap.bl.uk/EAP692/EAP692_4_1_6/9.jp2/info.json","EAP692_4_1_6/9"
"764","https://images.eap.bl.uk/EAP692/EAP692_4_1_6/10.jp2/info.json","EAP692_4_1_6/10"
"765","https://images.eap.bl.uk/EAP692/EAP692_4_1_6/11.jp2/info.json","EAP692_4_1_6/11"
"766","https://images.eap.bl.uk/EAP692/EAP692_4_1_6/12.jp2/info.json","EAP692_4_1_6/12"
"767","https://images.eap.bl.uk/EAP692/EAP692_4_1_6/13.jp2/info.json","EAP692_4_1_6/13"
"768","https://images.eap.bl.uk/EAP692/EAP692_4_1_6/14.jp2/info.json","EAP692_4_1_6/14"
"769","https://images.eap.bl.uk/EAP692/EAP692_4_1_6/15.jp2/info.json","EAP692_4_1_6/15"
"770","https://images.eap.bl.uk/EAP692/EAP692_4_1_6/16.jp2/info.json","EAP692_4_1_6/16"
"771","https://images.eap.bl.uk/EAP692/EAP692_4_1_6/17.jp2/info.json","EAP692_4_1_6/17"
"772","https://images.eap.bl.uk/EAP692/EAP692_4_1_6/18.jp2/info.json","EAP692_4_1_6/18"
"773","https://images.eap.bl.uk/EAP692/EAP692_4_1_6/19.jp2/info.json","EAP692_4_1_6/19"
"774","https://images.eap.bl.uk/EAP692/EAP692_4_1_6/20.jp2/info.json","EAP692_4_1_6/20"
"775","https://images.eap.bl.uk/EAP692/EAP692_4_1_6/21.jp2/info.json","EAP692_4_1_6/21"
"776","https://images.eap.bl.uk/EAP692/EAP692_4_1_6/22.jp2/info.json","EAP692_4_1_6/22"
"777","https://images.eap.bl.uk/EAP692/EAP692_4_1_6/23.jp2/info.json","EAP692_4_1_6/23"
"778","https://images.eap.bl.uk/EAP692/EAP692_4_1_6/24.jp2/info.json","EAP692_4_1_6/24"
"779","https://images.eap.bl.uk/EAP692/EAP692_4_1_6/25.jp2/info.json","EAP692_4_1_6/25"
"780","https://images.eap.bl.uk/EAP692/EAP692_4_1_6/26.jp2/info.json","EAP692_4_1_6/26"
"781","https://images.eap.bl.uk/EAP692/EAP692_4_1_6/27.jp2/info.json","EAP692_4_1_6/27"
"782","https://images.eap.bl.uk/EAP692/EAP692_4_1_6/28.jp2/info.json","EAP692_4_1_6/28"
"783","https://images.eap.bl.uk/EAP692/EAP692_4_1_6/29.jp2/info.json","EAP692_4_1_6/29"
"784","https://images.eap.bl.uk/EAP692/EAP692_4_1_6/30.jp2/info.json","EAP692_4_1_6/30"
"785","https://images.eap.bl.uk/EAP692/EAP692_4_1_6/31.jp2/info.json","EAP692_4_1_6/31"
"786","https://images.eap.bl.uk/EAP692/EAP692_4_1_6/32.jp2/info.json","EAP692_4_1_6/32"
"787","https://images.eap.bl.uk/EAP692/EAP692_4_1_6/33.jp2/info.json","EAP692_4_1_6/33"
"788","https://images.eap.bl.uk/EAP692/EAP692_4_1_6/34.jp2/info.json","EAP692_4_1_6/34"
"789","https://images.eap.bl.uk/EAP692/EAP692_4_1_6/35.jp2/info.json","EAP692_4_1_6/35"
"790","https://images.eap.bl.uk/EAP692/EAP692_4_1_6/36.jp2/info.json","EAP692_4_1_6/36"
"791","https://images.eap.bl.uk/EAP692/EAP692_4_1_6/37.jp2/info.json","EAP692_4_1_6/37"
"792","https://images.eap.bl.uk/EAP692/EAP692_4_1_6/38.jp2/info.json","EAP692_4_1_6/38"
"793","https://images.eap.bl.uk/EAP692/EAP692_4_1_6/39.jp2/info.json","EAP692_4_1_6/39"
"794","https://images.eap.bl.uk/EAP692/EAP692_4_1_6/40.jp2/info.json","EAP692_4_1_6/40"
"795","https://images.eap.bl.uk/EAP692/EAP692_4_1_6/41.jp2/info.json","EAP692_4_1_6/41"
"796","https://images.eap.bl.uk/EAP692/EAP692_4_1_6/42.jp2/info.json","EAP692_4_1_6/42"
"797","https://images.eap.bl.uk/EAP692/EAP692_4_1_6/43.jp2/info.json","EAP692_4_1_6/43"
"798","https://images.eap.bl.uk/EAP692/EAP692_4_1_6/44.jp2/info.json","EAP692_4_1_6/44"
"799","https://images.eap.bl.uk/EAP692/EAP692_4_1_6/45.jp2/info.json","EAP692_4_1_6/45"
"800","https://images.eap.bl.uk/EAP692/EAP692_4_1_6/46.jp2/info.json","EAP692_4_1_6/46"
"801","https://images.eap.bl.uk/EAP692/EAP692_4_1_6/47.jp2/info.json","EAP692_4_1_6/47"
"802","https://images.eap.bl.uk/EAP692/EAP692_4_1_6/48.jp2/info.json","EAP692_4_1_6/48"
"803","https://images.eap.bl.uk/EAP692/EAP692_4_1_6/49.jp2/info.json","EAP692_4_1_6/49"
"804","https://images.eap.bl.uk/EAP692/EAP692_4_1_6/50.jp2/info.json","EAP692_4_1_6/50"
"805","https://images.eap.bl.uk/EAP692/EAP692_4_1_6/51.jp2/info.json","EAP692_4_1_6/51"
"806","https://images.eap.bl.uk/EAP692/EAP692_4_1_6/52.jp2/info.json","EAP692_4_1_6/52"
"807","https://images.eap.bl.uk/EAP692/EAP692_4_1_6/53.jp2/info.json","EAP692_4_1_6/53"
"808","https://images.eap.bl.uk/EAP692/EAP692_4_1_6/54.jp2/info.json","EAP692_4_1_6/54"
"809","https://images.eap.bl.uk/EAP692/EAP692_4_1_6/55.jp2/info.json","EAP692_4_1_6/55"
"810","https://images.eap.bl.uk/EAP692/EAP692_4_1_6/56.jp2/info.json","EAP692_4_1_6/56"
"811","https://images.eap.bl.uk/EAP692/EAP692_4_1_6/57.jp2/info.json","EAP692_4_1_6/57"
"812","https://images.eap.bl.uk/EAP692/EAP692_4_1_6/58.jp2/info.json","EAP692_4_1_6/58"
"813","https://images.eap.bl.uk/EAP692/EAP692_4_1_6/59.jp2/info.json","EAP692_4_1_6/59"
"814","https://images.eap.bl.uk/EAP692/EAP692_4_1_6/60.jp2/info.json","EAP692_4_1_6/60"
"815","https://images.eap.bl.uk/EAP692/EAP692_4_1_6/61.jp2/info.json","EAP692_4_1_6/61"
"816","https://images.eap.bl.uk/EAP692/EAP692_4_1_6/62.jp2/info.json","EAP692_4_1_6/62"
"817","https://images.eap.bl.uk/EAP692/EAP692_4_1_6/63.jp2/info.json","EAP692_4_1_6/63"
"818","https://images.eap.bl.uk/EAP692/EAP692_4_1_6/64.jp2/info.json","EAP692_4_1_6/64"
"819","https://images.eap.bl.uk/EAP692/EAP692_4_1_6/65.jp2/info.json","EAP692_4_1_6/65"
"820","https://images.eap.bl.uk/EAP692/EAP692_4_1_6/66.jp2/info.json","EAP692_4_1_6/66"
"821","https://images.eap.bl.uk/EAP692/EAP692_4_1_6/67.jp2/info.json","EAP692_4_1_6/67"
"822","https://images.eap.bl.uk/EAP692/EAP692_4_1_6/68.jp2/info.json","EAP692_4_1_6/68"
"823","https://images.eap.bl.uk/EAP692/EAP692_4_1_6/69.jp2/info.json","EAP692_4_1_6/69"
"824","https://images.eap.bl.uk/EAP692/EAP692_4_1_6/70.jp2/info.json","EAP692_4_1_6/70"
"825","https://images.eap.bl.uk/EAP692/EAP692_4_1_6/71.jp2/info.json","EAP692_4_1_6/71"
"826","https://images.eap.bl.uk/EAP692/EAP692_4_1_6/72.jp2/info.json","EAP692_4_1_6/72"
"827","https://images.eap.bl.uk/EAP692/EAP692_4_1_6/73.jp2/info.json","EAP692_4_1_6/73"
"828","https://images.eap.bl.uk/EAP692/EAP692_4_1_7/278.jp2/info.json","EAP692_4_1_7/278"
"829","https://images.eap.bl.uk/EAP692/EAP692_5_1/1.jp2/info.json","EAP692_5_1/1"
"830","https://images.eap.bl.uk/EAP692/EAP692_5_1/2.jp2/info.json","EAP692_5_1/2"
"831","https://images.eap.bl.uk/EAP692/EAP692_5_1/3.jp2/info.json","EAP692_5_1/3"
"832","https://images.eap.bl.uk/EAP692/EAP692_5_1/4.jp2/info.json","EAP692_5_1/4"
"833","https://images.eap.bl.uk/EAP692/EAP692_5_1/5.jp2/info.json","EAP692_5_1/5"
"834","https://images.eap.bl.uk/EAP692/EAP692_5_1/6.jp2/info.json","EAP692_5_1/6"
"835","https://images.eap.bl.uk/EAP692/EAP692_5_1/7.jp2/info.json","EAP692_5_1/7"
"836","https://images.eap.bl.uk/EAP692/EAP692_5_1/8.jp2/info.json","EAP692_5_1/8"
"837","https://images.eap.bl.uk/EAP692/EAP692_5_1/9.jp2/info.json","EAP692_5_1/9"
"838","https://images.eap.bl.uk/EAP692/EAP692_5_1/10.jp2/info.json","EAP692_5_1/10"
"839","https://images.eap.bl.uk/EAP692/EAP692_5_1/11.jp2/info.json","EAP692_5_1/11"
"840","https://images.eap.bl.uk/EAP692/EAP692_5_1/12.jp2/info.json","EAP692_5_1/12"
"841","https://images.eap.bl.uk/EAP692/EAP692_5_1/13.jp2/info.json","EAP692_5_1/13"
"842","https://images.eap.bl.uk/EAP692/EAP692_5_1/14.jp2/info.json","EAP692_5_1/14"
"843","https://images.eap.bl.uk/EAP692/EAP692_5_1/15.jp2/info.json","EAP692_5_1/15"
"844","https://images.eap.bl.uk/EAP692/EAP692_5_1/16.jp2/info.json","EAP692_5_1/16"
"845","https://images.eap.bl.uk/EAP692/EAP692_5_1/17.jp2/info.json","EAP692_5_1/17"
"846","https://images.eap.bl.uk/EAP692/EAP692_5_1/18.jp2/info.json","EAP692_5_1/18"
"847","https://images.eap.bl.uk/EAP692/EAP692_5_1/19.jp2/info.json","EAP692_5_1/19"
"848","https://images.eap.bl.uk/EAP692/EAP692_5_1/20.jp2/info.json","EAP692_5_1/20"
"849","https://images.eap.bl.uk/EAP692/EAP692_5_1/21.jp2/info.json","EAP692_5_1/21"
"850","https://images.eap.bl.uk/EAP692/EAP692_5_2/2.jp2/info.json","EAP692_5_2/2"
"851","https://images.eap.bl.uk/EAP692/EAP692_5_2/3.jp2/info.json","EAP692_5_2/3"
"852","https://images.eap.bl.uk/EAP692/EAP692_5_2/4.jp2/info.json","EAP692_5_2/4"
"853","https://images.eap.bl.uk/EAP692/EAP692_5_2/5.jp2/info.json","EAP692_5_2/5"
"854","https://images.eap.bl.uk/EAP692/EAP692_5_2/6.jp2/info.json","EAP692_5_2/6"
"855","https://images.eap.bl.uk/EAP692/EAP692_5_2/7.jp2/info.json","EAP692_5_2/7"
"856","https://images.eap.bl.uk/EAP692/EAP692_5_2/8.jp2/info.json","EAP692_5_2/8"
"857","https://images.eap.bl.uk/EAP692/EAP692_5_2/9.jp2/info.json","EAP692_5_2/9"
"858","https://images.eap.bl.uk/EAP692/EAP692_5_2/10.jp2/info.json","EAP692_5_2/10"
"859","https://images.eap.bl.uk/EAP692/EAP692_5_2/11.jp2/info.json","EAP692_5_2/11"
"860","https://images.eap.bl.uk/EAP692/EAP692_5_2/12.jp2/info.json","EAP692_5_2/12"
"861","https://images.eap.bl.uk/EAP692/EAP692_5_2/13.jp2/info.json","EAP692_5_2/13"
"862","https://images.eap.bl.uk/EAP692/EAP692_5_2/14.jp2/info.json","EAP692_5_2/14"
"863","https://images.eap.bl.uk/EAP692/EAP692_5_2/15.jp2/info.json","EAP692_5_2/15"
"864","https://images.eap.bl.uk/EAP692/EAP692_5_2/16.jp2/info.json","EAP692_5_2/16"
"865","https://images.eap.bl.uk/EAP692/EAP692_5_2/17.jp2/info.json","EAP692_5_2/17"
"866","https://images.eap.bl.uk/EAP692/EAP692_5_2/18.jp2/info.json","EAP692_5_2/18"
"867","https://images.eap.bl.uk/EAP692/EAP692_5_2/19.jp2/info.json","EAP692_5_2/19"
"868","https://images.eap.bl.uk/EAP692/EAP692_5_2/20.jp2/info.json","EAP692_5_2/20"
"869","https://images.eap.bl.uk/EAP692/EAP692_5_2/21.jp2/info.json","EAP692_5_2/21"
"870","https://images.eap.bl.uk/EAP692/EAP692_5_2/22.jp2/info.json","EAP692_5_2/22"
"871","https://images.eap.bl.uk/EAP692/EAP692_5_2/23.jp2/info.json","EAP692_5_2/23"
"872","https://images.eap.bl.uk/EAP692/EAP692_5_2/24.jp2/info.json","EAP692_5_2/24"
"873","https://images.eap.bl.uk/EAP692/EAP692_5_2/25.jp2/info.json","EAP692_5_2/25"
"874","https://images.eap.bl.uk/EAP692/EAP692_5_2/26.jp2/info.json","EAP692_5_2/26"
"875","https://images.eap.bl.uk/EAP692/EAP692_5_2/27.jp2/info.json","EAP692_5_2/27"
"876","https://images.eap.bl.uk/EAP692/EAP692_5_2/28.jp2/info.json","EAP692_5_2/28"
"877","https://images.eap.bl.uk/EAP692/EAP692_5_2/29.jp2/info.json","EAP692_5_2/29"
"878","https://images.eap.bl.uk/EAP692/EAP692_5_2/30.jp2/info.json","EAP692_5_2/30"
"879","https://images.eap.bl.uk/EAP692/EAP692_5_2/31.jp2/info.json","EAP692_5_2/31"
"880","https://images.eap.bl.uk/EAP692/EAP692_5_2/32.jp2/info.json","EAP692_5_2/32"
"881","https://images.eap.bl.uk/EAP692/EAP692_5_2/33.jp2/info.json","EAP692_5_2/33"
"882","https://images.eap.bl.uk/EAP692/EAP692_5_2/34.jp2/info.json","EAP692_5_2/34"
"883","https://images.eap.bl.uk/EAP692/EAP692_5_2/35.jp2/info.json","EAP692_5_2/35"
"884","https://images.eap.bl.uk/EAP692/EAP692_5_2/36.jp2/info.json","EAP692_5_2/36"
"885","https://images.eap.bl.uk/EAP692/EAP692_5_2/37.jp2/info.json","EAP692_5_2/37"
"886","https://images.eap.bl.uk/EAP692/EAP692_5_2/38.jp2/info.json","EAP692_5_2/38"
"887","https://images.eap.bl.uk/EAP692/EAP692_5_2/39.jp2/info.json","EAP692_5_2/39"
"888","https://images.eap.bl.uk/EAP692/EAP692_5_2/40.jp2/info.json","EAP692_5_2/40"
"889","https://images.eap.bl.uk/EAP692/EAP692_5_2/41.jp2/info.json","EAP692_5_2/41"
"890","https://images.eap.bl.uk/EAP692/EAP692_5_2/42.jp2/info.json","EAP692_5_2/42"
"891","https://images.eap.bl.uk/EAP692/EAP692_5_2/43.jp2/info.json","EAP692_5_2/43"
"892","https://images.eap.bl.uk/EAP692/EAP692_5_2/44.jp2/info.json","EAP692_5_2/44"
"893","https://images.eap.bl.uk/EAP692/EAP692_5_2/45.jp2/info.json","EAP692_5_2/45"
"894","https://images.eap.bl.uk/EAP692/EAP692_5_2/46.jp2/info.json","EAP692_5_2/46"
"895","https://images.eap.bl.uk/EAP692/EAP692_5_2/47.jp2/info.json","EAP692_5_2/47"
"896","https://images.eap.bl.uk/EAP692/EAP692_5_2/48.jp2/info.json","EAP692_5_2/48"
"897","https://images.eap.bl.uk/EAP692/EAP692_5_2/49.jp2/info.json","EAP692_5_2/49"
"898","https://images.eap.bl.uk/EAP692/EAP692_5_2/50.jp2/info.json","EAP692_5_2/50"
"899","https://images.eap.bl.uk/EAP692/EAP692_5_2/51.jp2/info.json","EAP692_5_2/51"
"900","https://images.eap.bl.uk/EAP692/EAP692_5_2/52.jp2/info.json","EAP692_5_2/52"
"901","https://images.eap.bl.uk/EAP692/EAP692_5_2/53.jp2/info.json","EAP692_5_2/53"
"902","https://images.eap.bl.uk/EAP692/EAP692_5_2/54.jp2/info.json","EAP692_5_2/54"
"903","https://images.eap.bl.uk/EAP692/EAP692_5_2/55.jp2/info.json","EAP692_5_2/55"
"904","https://images.eap.bl.uk/EAP692/EAP692_5_2/56.jp2/info.json","EAP692_5_2/56"
"905","https://images.eap.bl.uk/EAP692/EAP692_5_2/57.jp2/info.json","EAP692_5_2/57"
"906","https://images.eap.bl.uk/EAP692/EAP692_5_2/58.jp2/info.json","EAP692_5_2/58"
"907","https://images.eap.bl.uk/EAP692/EAP692_5_2/59.jp2/info.json","EAP692_5_2/59"
"908","https://images.eap.bl.uk/EAP692/EAP692_5_2/60.jp2/info.json","EAP692_5_2/60"
"909","https://images.eap.bl.uk/EAP692/EAP692_5_2/61.jp2/info.json","EAP692_5_2/61"
"910","https://images.eap.bl.uk/EAP692/EAP692_5_2/62.jp2/info.json","EAP692_5_2/62"
"911","https://images.eap.bl.uk/EAP692/EAP692_5_2/63.jp2/info.json","EAP692_5_2/63"
"912","https://images.eap.bl.uk/EAP692/EAP692_5_2/64.jp2/info.json","EAP692_5_2/64"
"913","https://images.eap.bl.uk/EAP692/EAP692_5_2/65.jp2/info.json","EAP692_5_2/65"
"914","https://images.eap.bl.uk/EAP692/EAP692_5_2/66.jp2/info.json","EAP692_5_2/66"
"915","https://images.eap.bl.uk/EAP692/EAP692_5_2/67.jp2/info.json","EAP692_5_2/67"
"916","https://images.eap.bl.uk/EAP692/EAP692_5_2/68.jp2/info.json","EAP692_5_2/68"
"917","https://images.eap.bl.uk/EAP692/EAP692_5_2/69.jp2/info.json","EAP692_5_2/69"
"918","https://images.eap.bl.uk/EAP692/EAP692_5_2/70.jp2/info.json","EAP692_5_2/70"
"919","https://images.eap.bl.uk/EAP692/EAP692_5_2/71.jp2/info.json","EAP692_5_2/71"
"920","https://images.eap.bl.uk/EAP692/EAP692_5_2/72.jp2/info.json","EAP692_5_2/72"
"921","https://images.eap.bl.uk/EAP692/EAP692_5_2/73.jp2/info.json","EAP692_5_2/73"
"922","https://images.eap.bl.uk/EAP692/EAP692_5_2/74.jp2/info.json","EAP692_5_2/74"
"923","https://images.eap.bl.uk/EAP692/EAP692_5_2/75.jp2/info.json","EAP692_5_2/75"
"924","https://images.eap.bl.uk/EAP692/EAP692_5_2/76.jp2/info.json","EAP692_5_2/76"
"925","https://images.eap.bl.uk/EAP692/EAP692_5_2/77.jp2/info.json","EAP692_5_2/77"
"926","https://images.eap.bl.uk/EAP692/EAP692_5_2/78.jp2/info.json","EAP692_5_2/78"
"927","https://images.eap.bl.uk/EAP692/EAP692_5_2/79.jp2/info.json","EAP692_5_2/79"
"928","https://images.eap.bl.uk/EAP692/EAP692_5_2/80.jp2/info.json","EAP692_5_2/80"
"929","https://images.eap.bl.uk/EAP692/EAP692_5_2/81.jp2/info.json","EAP692_5_2/81"
"930","https://images.eap.bl.uk/EAP692/EAP692_5_2/82.jp2/info.json","EAP692_5_2/82"
"931","https://images.eap.bl.uk/EAP692/EAP692_5_2/83.jp2/info.json","EAP692_5_2/83"
"932","https://images.eap.bl.uk/EAP692/EAP692_5_2/84.jp2/info.json","EAP692_5_2/84"
"933","https://images.eap.bl.uk/EAP692/EAP692_5_2/85.jp2/info.json","EAP692_5_2/85"
"934","https://images.eap.bl.uk/EAP692/EAP692_5_2/86.jp2/info.json","EAP692_5_2/86"
"935","https://images.eap.bl.uk/EAP692/EAP692_5_2/87.jp2/info.json","EAP692_5_2/87"
"936","https://images.eap.bl.uk/EAP692/EAP692_5_3/2.jp2/info.json","EAP692_5_3/2"
"937","https://images.eap.bl.uk/EAP692/EAP692_5_3/3.jp2/info.json","EAP692_5_3/3"
"938","https://images.eap.bl.uk/EAP692/EAP692_5_3/4.jp2/info.json","EAP692_5_3/4"
"939","https://images.eap.bl.uk/EAP692/EAP692_5_3/5.jp2/info.json","EAP692_5_3/5"
"940","https://images.eap.bl.uk/EAP692/EAP692_5_3/6.jp2/info.json","EAP692_5_3/6"
"941","https://images.eap.bl.uk/EAP692/EAP692_5_3/7.jp2/info.json","EAP692_5_3/7"
"942","https://images.eap.bl.uk/EAP692/EAP692_5_3/8.jp2/info.json","EAP692_5_3/8"
"943","https://images.eap.bl.uk/EAP692/EAP692_5_3/9.jp2/info.json","EAP692_5_3/9"
"944","https://images.eap.bl.uk/EAP692/EAP692_5_3/10.jp2/info.json","EAP692_5_3/10"
"945","https://images.eap.bl.uk/EAP692/EAP692_5_3/11.jp2/info.json","EAP692_5_3/11"
"946","https://images.eap.bl.uk/EAP692/EAP692_5_3/12.jp2/info.json","EAP692_5_3/12"
"947","https://images.eap.bl.uk/EAP692/EAP692_5_3/13.jp2/info.json","EAP692_5_3/13"
"948","https://images.eap.bl.uk/EAP692/EAP692_5_3/14.jp2/info.json","EAP692_5_3/14"
"949","https://images.eap.bl.uk/EAP692/EAP692_5_3/15.jp2/info.json","EAP692_5_3/15"
"950","https://images.eap.bl.uk/EAP692/EAP692_5_3/16.jp2/info.json","EAP692_5_3/16"
"951","https://images.eap.bl.uk/EAP692/EAP692_5_3/17.jp2/info.json","EAP692_5_3/17"
"952","https://images.eap.bl.uk/EAP692/EAP692_5_3/18.jp2/info.json","EAP692_5_3/18"
"953","https://images.eap.bl.uk/EAP692/EAP692_5_3/19.jp2/info.json","EAP692_5_3/19"
"954","https://images.eap.bl.uk/EAP692/EAP692_5_3/20.jp2/info.json","EAP692_5_3/20"
"955","https://images.eap.bl.uk/EAP692/EAP692_5_3/21.jp2/info.json","EAP692_5_3/21"
"956","https://images.eap.bl.uk/EAP692/EAP692_5_3/22.jp2/info.json","EAP692_5_3/22"
"957","https://images.eap.bl.uk/EAP692/EAP692_5_3/23.jp2/info.json","EAP692_5_3/23"
"958","https://images.eap.bl.uk/EAP692/EAP692_5_3/24.jp2/info.json","EAP692_5_3/24"
"959","https://images.eap.bl.uk/EAP692/EAP692_5_3/25.jp2/info.json","EAP692_5_3/25"
"960","https://images.eap.bl.uk/EAP692/EAP692_5_3/26.jp2/info.json","EAP692_5_3/26"
"961","https://images.eap.bl.uk/EAP692/EAP692_5_3/27.jp2/info.json","EAP692_5_3/27"
"962","https://images.eap.bl.uk/EAP692/EAP692_5_3/28.jp2/info.json","EAP692_5_3/28"
"963","https://images.eap.bl.uk/EAP692/EAP692_5_3/29.jp2/info.json","EAP692_5_3/29"
"964","https://images.eap.bl.uk/EAP692/EAP692_5_3/30.jp2/info.json","EAP692_5_3/30"
"965","https://images.eap.bl.uk/EAP692/EAP692_5_3/31.jp2/info.json","EAP692_5_3/31"
"966","https://images.eap.bl.uk/EAP692/EAP692_5_3/32.jp2/info.json","EAP692_5_3/32"
"967","https://images.eap.bl.uk/EAP692/EAP692_5_3/33.jp2/info.json","EAP692_5_3/33"
"968","https://images.eap.bl.uk/EAP692/EAP692_5_3/34.jp2/info.json","EAP692_5_3/34"
"969","https://images.eap.bl.uk/EAP692/EAP692_5_3/35.jp2/info.json","EAP692_5_3/35"
"970","https://images.eap.bl.uk/EAP692/EAP692_5_3/36.jp2/info.json","EAP692_5_3/36"
"971","https://images.eap.bl.uk/EAP692/EAP692_5_3/37.jp2/info.json","EAP692_5_3/37"
"972","https://images.eap.bl.uk/EAP692/EAP692_5_3/38.jp2/info.json","EAP692_5_3/38"
"973","https://images.eap.bl.uk/EAP692/EAP692_5_3/39.jp2/info.json","EAP692_5_3/39"
"974","https://images.eap.bl.uk/EAP692/EAP692_5_3/40.jp2/info.json","EAP692_5_3/40"
"975","https://images.eap.bl.uk/EAP692/EAP692_5_3/41.jp2/info.json","EAP692_5_3/41"
"976","https://images.eap.bl.uk/EAP692/EAP692_5_3/42.jp2/info.json","EAP692_5_3/42"
"977","https://images.eap.bl.uk/EAP692/EAP692_5_3/43.jp2/info.json","EAP692_5_3/43"
"978","https://images.eap.bl.uk/EAP692/EAP692_5_3/44.jp2/info.json","EAP692_5_3/44"
"979","https://images.eap.bl.uk/EAP692/EAP692_5_3/45.jp2/info.json","EAP692_5_3/45"
"980","https://images.eap.bl.uk/EAP692/EAP692_5_3/46.jp2/info.json","EAP692_5_3/46"
"981","https://images.eap.bl.uk/EAP692/EAP692_5_3/47.jp2/info.json","EAP692_5_3/47"
"982","https://images.eap.bl.uk/EAP692/EAP692_5_3/48.jp2/info.json","EAP692_5_3/48"
"983","https://images.eap.bl.uk/EAP692/EAP692_5_3/49.jp2/info.json","EAP692_5_3/49"
"984","https://images.eap.bl.uk/EAP692/EAP692_5_3/50.jp2/info.json","EAP692_5_3/50"
"985","https://images.eap.bl.uk/EAP692/EAP692_5_3/51.jp2/info.json","EAP692_5_3/51"
"986","https://images.eap.bl.uk/EAP692/EAP692_5_3/52.jp2/info.json","EAP692_5_3/52"
"987","https://images.eap.bl.uk/EAP692/EAP692_5_3/53.jp2/info.json","EAP692_5_3/53"
"988","https://images.eap.bl.uk/EAP692/EAP692_5_3/54.jp2/info.json","EAP692_5_3/54"
"989","https://images.eap.bl.uk/EAP692/EAP692_5_3/55.jp2/info.json","EAP692_5_3/55"
"990","https://images.eap.bl.uk/EAP692/EAP692_5_3/56.jp2/info.json","EAP692_5_3/56"
"991","https://images.eap.bl.uk/EAP692/EAP692_5_3/57.jp2/info.json","EAP692_5_3/57"
"992","https://images.eap.bl.uk/EAP692/EAP692_5_3/58.jp2/info.json","EAP692_5_3/58"
"993","https://images.eap.bl.uk/EAP692/EAP692_5_3/59.jp2/info.json","EAP692_5_3/59"
"994","https://images.eap.bl.uk/EAP692/EAP692_5_3/60.jp2/info.json","EAP692_5_3/60"
"995","https://images.eap.bl.uk/EAP692/EAP692_5_3/61.jp2/info.json","EAP692_5_3/61"
"996","https://images.eap.bl.uk/EAP692/EAP692_5_3/62.jp2/info.json","EAP692_5_3/62"
"997","https://images.eap.bl.uk/EAP692/EAP692_5_3/63.jp2/info.json","EAP692_5_3/63"
"998","https://images.eap.bl.uk/EAP692/EAP692_5_3/64.jp2/info.json","EAP692_5_3/64"
"999","https://images.eap.bl.uk/EAP692/EAP692_5_3/65.jp2/info.json","EAP692_5_3/65"
"1000","https://images.eap.bl.uk/EAP692/EAP692_5_3/66.jp2/info.json","EAP692_5_3/66"
"1001","https://images.eap.bl.uk/EAP692/EAP692_5_3/67.jp2/info.json","EAP692_5_3/67"
"1002","https://images.eap.bl.uk/EAP692/EAP692_5_3/68.jp2/info.json","EAP692_5_3/68"
"1003","https://images.eap.bl.uk/EAP692/EAP692_5_3/69.jp2/info.json","EAP692_5_3/69"
"1004","https://images.eap.bl.uk/EAP692/EAP692_5_3/70.jp2/info.json","EAP692_5_3/70"
"1005","https://images.eap.bl.uk/EAP692/EAP692_5_3/71.jp2/info.json","EAP692_5_3/71"
"1006","https://images.eap.bl.uk/EAP692/EAP692_5_3/72.jp2/info.json","EAP692_5_3/72"
"1007","https://images.eap.bl.uk/EAP692/EAP692_5_3/73.jp2/info.json","EAP692_5_3/73"
"1008","https://images.eap.bl.uk/EAP692/EAP692_5_3/74.jp2/info.json","EAP692_5_3/74"
"1009","https://images.eap.bl.uk/EAP692/EAP692_5_4/2.jp2/info.json","EAP692_5_4/2"
"1010","https://images.eap.bl.uk/EAP692/EAP692_5_4/3.jp2/info.json","EAP692_5_4/3"
"1011","https://images.eap.bl.uk/EAP692/EAP692_5_4/4.jp2/info.json","EAP692_5_4/4"
"1012","https://images.eap.bl.uk/EAP692/EAP692_5_4/5.jp2/info.json","EAP692_5_4/5"
"1013","https://images.eap.bl.uk/EAP692/EAP692_5_4/6.jp2/info.json","EAP692_5_4/6"
"1014","https://images.eap.bl.uk/EAP692/EAP692_5_4/7.jp2/info.json","EAP692_5_4/7"
"1015","https://images.eap.bl.uk/EAP692/EAP692_5_4/8.jp2/info.json","EAP692_5_4/8"
"1016","https://images.eap.bl.uk/EAP692/EAP692_5_4/9.jp2/info.json","EAP692_5_4/9"
"1017","https://images.eap.bl.uk/EAP692/EAP692_5_5/1.jp2/info.json","EAP692_5_5/1"
"1018","https://images.eap.bl.uk/EAP692/EAP692_5_5/2.jp2/info.json","EAP692_5_5/2"
"1019","https://images.eap.bl.uk/EAP692/EAP692_5_5/3.jp2/info.json","EAP692_5_5/3"
"1020","https://images.eap.bl.uk/EAP692/EAP692_5_5/4.jp2/info.json","EAP692_5_5/4"
"1021","https://images.eap.bl.uk/EAP692/EAP692_5_5/5.jp2/info.json","EAP692_5_5/5"
"1022","https://images.eap.bl.uk/EAP692/EAP692_5_5/6.jp2/info.json","EAP692_5_5/6"
"1023","https://images.eap.bl.uk/EAP692/EAP692_5_5/7.jp2/info.json","EAP692_5_5/7"
"1024","https://images.eap.bl.uk/EAP692/EAP692_5_5/8.jp2/info.json","EAP692_5_5/8"
"1025","https://images.eap.bl.uk/EAP692/EAP692_5_5/9.jp2/info.json","EAP692_5_5/9"
"1026","https://images.eap.bl.uk/EAP692/EAP692_5_5/10.jp2/info.json","EAP692_5_5/10"
"1027","https://images.eap.bl.uk/EAP692/EAP692_5_5/11.jp2/info.json","EAP692_5_5/11"
"1028","https://images.eap.bl.uk/EAP692/EAP692_5_5/12.jp2/info.json","EAP692_5_5/12"
"1029","https://images.eap.bl.uk/EAP692/EAP692_5_6/1.jp2/info.json","EAP692_5_6/1"
"1030","https://images.eap.bl.uk/EAP692/EAP692_5_6/2.jp2/info.json","EAP692_5_6/2"
"1031","https://images.eap.bl.uk/EAP692/EAP692_5_6/3.jp2/info.json","EAP692_5_6/3"
"1032","https://images.eap.bl.uk/EAP692/EAP692_5_6/4.jp2/info.json","EAP692_5_6/4"
"1033","https://images.eap.bl.uk/EAP692/EAP692_5_6/5.jp2/info.json","EAP692_5_6/5"
"1034","https://images.eap.bl.uk/EAP692/EAP692_5_6/6.jp2/info.json","EAP692_5_6/6"
"1035","https://images.eap.bl.uk/EAP692/EAP692_5_6/7.jp2/info.json","EAP692_5_6/7"
"1036","https://images.eap.bl.uk/EAP692/EAP692_5_6/8.jp2/info.json","EAP692_5_6/8"
"1037","https://images.eap.bl.uk/EAP692/EAP692_5_6/9.jp2/info.json","EAP692_5_6/9"
"1038","https://images.eap.bl.uk/EAP692/EAP692_5_6/10.jp2/info.json","EAP692_5_6/10"
"1039","https://images.eap.bl.uk/EAP692/EAP692_5_6/11.jp2/info.json","EAP692_5_6/11"
"1040","https://images.eap.bl.uk/EAP692/EAP692_5_6/12.jp2/info.json","EAP692_5_6/12"
"1041","https://images.eap.bl.uk/EAP692/EAP692_5_6/13.jp2/info.json","EAP692_5_6/13"
"1042","https://images.eap.bl.uk/EAP692/EAP692_5_6/14.jp2/info.json","EAP692_5_6/14"
"1043","https://images.eap.bl.uk/EAP692/EAP692_5_6/15.jp2/info.json","EAP692_5_6/15"
"1044","https://images.eap.bl.uk/EAP692/EAP692_5_6/16.jp2/info.json","EAP692_5_6/16"
"1045","https://images.eap.bl.uk/EAP692/EAP692_5_6/17.jp2/info.json","EAP692_5_6/17"
"1046","https://images.eap.bl.uk/EAP692/EAP692_5_6/18.jp2/info.json","EAP692_5_6/18"
"1047","https://images.eap.bl.uk/EAP692/EAP692_5_7/1.jp2/info.json","EAP692_5_7/1"
"1048","https://images.eap.bl.uk/EAP692/EAP692_5_7/2.jp2/info.json","EAP692_5_7/2"
"1049","https://images.eap.bl.uk/EAP692/EAP692_5_7/3.jp2/info.json","EAP692_5_7/3"
"1050","https://images.eap.bl.uk/EAP692/EAP692_5_7/4.jp2/info.json","EAP692_5_7/4"
"1051","https://images.eap.bl.uk/EAP692/EAP692_5_7/5.jp2/info.json","EAP692_5_7/5"
"1052","https://images.eap.bl.uk/EAP692/EAP692_5_7/6.jp2/info.json","EAP692_5_7/6"
"1053","https://images.eap.bl.uk/EAP692/EAP692_5_7/7.jp2/info.json","EAP692_5_7/7"
"1054","https://images.eap.bl.uk/EAP692/EAP692_5_7/8.jp2/info.json","EAP692_5_7/8"
"1055","https://images.eap.bl.uk/EAP692/EAP692_5_7/9.jp2/info.json","EAP692_5_7/9"
"1056","https://images.eap.bl.uk/EAP692/EAP692_5_7/10.jp2/info.json","EAP692_5_7/10"
"1057","https://images.eap.bl.uk/EAP692/EAP692_5_7/11.jp2/info.json","EAP692_5_7/11"
"1058","https://images.eap.bl.uk/EAP692/EAP692_5_7/12.jp2/info.json","EAP692_5_7/12"
"1059","https://images.eap.bl.uk/EAP692/EAP692_5_7/13.jp2/info.json","EAP692_5_7/13"
"1060","https://images.eap.bl.uk/EAP692/EAP692_5_7/14.jp2/info.json","EAP692_5_7/14"
"1061","https://images.eap.bl.uk/EAP692/EAP692_5_7/15.jp2/info.json","EAP692_5_7/15"
